# ML Generation Strategy,Weighted Multinomial Probability Sampling
# Graph Search Strategy,Exhaustive Sequence Evaluation over MuMu-LLaMA c_loss
# Temperature,1.8
# Top-P,0.9
# Min-P,0.01
# Top-K,None
# Repetition Penalty,Dynamic Scale Matrix (1.0 + N*0.5)
global_bpm,song_duration_minutes,beat_time_sec,onset_timestamps_in_beat,onset_detected,selected_step,step_probabilities,final_step_selection,time_taken_sec
112.3,2.25,0.00,0.21|0.37,True,0110,0001-0.2%|0011-0.2%|0010-0.1%|0110-0.1%|0101-0.1%|0100-0.1%|0111-0.1%|0000-0.1%|1111-0.0%|1110-0.0%|1000-0.0%|1001-0.0%|1010-0.0%|1100-0.0%|1011-0.0%|1101-0.0%,0110,2.57
112.3,2.25,0.53,0.56|0.72|0.93|1.02,True,0010,0001-0.2%|0011-0.2%|0010-0.2%|0101-0.1%|0100-0.1%|0111-0.1%|0000-0.1%|0110-0.1%|1111-0.0%|1110-0.0%|1000-0.0%|1001-0.0%|1010-0.0%|1100-0.0%|1011-0.0%|1101-0.0%,0010,2.29
112.3,2.25,1.07,1.09|1.44,True,0110,0001-0.2%|0011-0.2%|0101-0.1%|0111-0.1%|0100-0.1%|0110-0.1%|0010-0.1%|0000-0.1%|1111-0.0%|1110-0.0%|1000-0.0%|1001-0.0%|1010-0.0%|1100-0.0%|1011-0.0%|1101-0.0%,0110,2.29
112.3,2.25,1.60,1.67|1.79,True,0001,0001-0.2%|0011-0.2%|0101-0.1%|0100-0.1%|0111-0.1%|0010-0.1%|0000-0.1%|1111-0.1%|1110-0.0%|1010-0.0%|1000-0.0%|0110-0.0%|1001-0.0%|1100-0.0%|1011-0.0%|1101-0.0%,0001,2.29
112.3,2.25,2.14,2.14|2.51,True,0001,0110-0.2%|0101-0.1%|0010-0.1%|0011-0.1%|0100-0.1%|0000-0.1%|0001-0.1%|1010-0.0%|0111-0.0%|1100-0.0%|1011-0.0%|1110-0.0%|1101-0.0%|1000-0.0%|1001-0.0%|1111-0.0%,0001,2.42
112.3,2.25,2.67,2.86|3.20,True,1110,0110-0.2%|0101-0.1%|0010-0.1%|0011-0.1%|0100-0.1%|0000-0.1%|1010-0.1%|1100-0.0%|0111-0.0%|1011-0.0%|1110-0.0%|1101-0.0%|1000-0.0%|0001-0.0%|1001-0.0%|1111-0.0%,1110,2.40
112.3,2.25,3.20,3.55,True,0110,0110-0.2%|0101-0.1%|0010-0.1%|0011-0.1%|0100-0.1%|0000-0.1%|1010-0.1%|0111-0.1%|1011-0.0%|1100-0.0%|0001-0.0%|1000-0.0%|1001-0.0%|1101-0.0%|1110-0.0%|1111-0.0%,0110,2.40
112.3,2.25,3.74,3.76|3.85|3.92|4.25,True,0000,0101-0.1%|0110-0.1%|0010-0.1%|0011-0.1%|0100-0.1%|0000-0.1%|1010-0.1%|1100-0.1%|0111-0.1%|1011-0.1%|0001-0.0%|1101-0.0%|1000-0.0%|1001-0.0%|1110-0.0%|1111-0.0%,0000,2.40
112.3,2.25,4.27,4.62,True,1010,0011-0.1%|0101-0.1%|0110-0.1%|1011-0.1%|1010-0.1%|0010-0.1%|1110-0.1%|1100-0.1%|0000-0.1%|1101-0.1%|0100-0.1%|1111-0.0%|1001-0.0%|1000-0.0%|0001-0.0%|0111-0.0%,1010,2.46
112.3,2.25,4.81,4.97|5.32,True,0010,0110-0.2%|0011-0.1%|0101-0.1%|1011-0.1%|0010-0.1%|1110-0.1%|0000-0.1%|1100-0.1%|1101-0.1%|0100-0.1%|1111-0.0%|1000-0.0%|1001-0.0%|0001-0.0%|1010-0.0%|0111-0.0%,0010,2.46
112.3,2.25,5.34,5.67,True,1110,0110-0.2%|0011-0.1%|0101-0.1%|1011-0.1%|1110-0.1%|0000-0.1%|0010-0.1%|1100-0.1%|1101-0.1%|0100-0.1%|1111-0.0%|0111-0.0%|1000-0.0%|0001-0.0%|1001-0.0%|1010-0.0%,1110,2.46
112.3,2.25,5.87,6.04|6.39,True,0110,0110-0.2%|0011-0.1%|0101-0.1%|1011-0.1%|0010-0.1%|1100-0.1%|0000-0.1%|1101-0.1%|0100-0.1%|1111-0.0%|0111-0.0%|1000-0.0%|1010-0.0%|0001-0.0%|1001-0.0%|1110-0.0%,0110,2.46
112.3,2.25,6.41,6.57|6.66|6.73,True,1100,1010-0.1%|0110-0.1%|0011-0.1%|0101-0.1%|1100-0.1%|1101-0.1%|1011-0.1%|0001-0.1%|0010-0.1%|0000-0.1%|1111-0.0%|1000-0.0%|1001-0.0%|0100-0.0%|0111-0.0%|1110-0.0%,1100,2.62
112.3,2.25,6.94,7.08|7.45,True,1010,0110-0.1%|0001-0.1%|1010-0.1%|0011-0.1%|0101-0.1%|1101-0.1%|1011-0.1%|0010-0.1%|0000-0.1%|1000-0.0%|1001-0.0%|0100-0.0%|1111-0.0%|1100-0.0%|0111-0.0%|1110-0.0%,1010,2.62
112.3,2.25,7.48,7.80,True,0011,0110-0.1%|0001-0.1%|0011-0.1%|0101-0.1%|1101-0.1%|1011-0.1%|1110-0.1%|1010-0.1%|0010-0.1%|0000-0.1%|1001-0.0%|1000-0.0%|1111-0.0%|0100-0.0%|1100-0.0%|0111-0.0%,0011,2.62
112.3,2.25,8.01,8.15|8.50,True,1010,0110-0.2%|0001-0.1%|1010-0.1%|0101-0.1%|1101-0.1%|1110-0.1%|1011-0.1%|0010-0.1%|0000-0.1%|1111-0.0%|1000-0.0%|1001-0.0%|0100-0.0%|0011-0.0%|1100-0.0%|0111-0.0%,1010,2.62
112.3,2.25,8.54,8.85,True,0110,0110-0.2%|1100-0.1%|0001-0.1%|0101-0.1%|1011-0.1%|1110-0.1%|0011-0.1%|0000-0.1%|1101-0.1%|1111-0.1%|0100-0.0%|1010-0.0%|0111-0.0%|0010-0.0%|1000-0.0%|1001-0.0%,0110,2.70
112.3,2.25,9.08,9.20|9.40|9.57,True,0000,0001-0.1%|1100-0.1%|0110-0.1%|1010-0.1%|0101-0.1%|1011-0.1%|1110-0.1%|0011-0.1%|1101-0.1%|1111-0.1%|0000-0.1%|0100-0.0%|0111-0.0%|0010-0.0%|1000-0.0%|1001-0.0%,0000,2.70
112.3,2.25,9.61,9.91,True,1111,0001-0.1%|0110-0.1%|1100-0.1%|0010-0.1%|0101-0.1%|1010-0.1%|1011-0.1%|0011-0.1%|0000-0.1%|1110-0.1%|1101-0.1%|1111-0.1%|0100-0.0%|1000-0.0%|1001-0.0%|0111-0.0%,1111,2.70
112.3,2.25,10.15,10.26|10.61,True,1010,1110-0.1%|0001-0.1%|1100-0.1%|0110-0.1%|0010-0.1%|1010-0.1%|1011-0.1%|0101-0.1%|0011-0.1%|0000-0.1%|1101-0.1%|0111-0.0%|0100-0.0%|1000-0.0%|1001-0.0%|1111-0.0%,1010,2.71
112.3,2.25,10.68,None,False,0000,0000-100.0%|0001-0.0%|0010-0.0%|0100-0.0%|1000-0.0%|0011-0.0%|0101-0.0%|0110-0.0%|1001-0.0%|1010-0.0%|1100-0.0%|0111-0.0%|1011-0.0%|1101-0.0%|1110-0.0%|1111-0.0%,0000,0.00
112.3,2.25,11.22,11.33|11.52|11.68,True,1100,0110-0.2%|1110-0.1%|0001-0.1%|1111-0.1%|0010-0.1%|1100-0.1%|1011-0.1%|0101-0.1%|0000-0.1%|1101-0.1%|0011-0.0%|0100-0.0%|1001-0.0%|1000-0.0%|1010-0.0%|0111-0.0%,1100,2.82
112.3,2.25,11.75,12.03,True,0001,0110-0.2%|1110-0.1%|1111-0.1%|0001-0.1%|0010-0.1%|1011-0.1%|0101-0.1%|0000-0.1%|1101-0.1%|0011-0.0%|1010-0.0%|0100-0.0%|1000-0.0%|1001-0.0%|1100-0.0%|0111-0.0%,0001,2.82
112.3,2.25,12.28,12.40|12.59|12.75,True,0000,0110-0.2%|1110-0.1%|0011-0.1%|1111-0.1%|0010-0.1%|1011-0.1%|0101-0.1%|0000-0.1%|1101-0.1%|1010-0.0%|0100-0.0%|0001-0.0%|1100-0.0%|1000-0.0%|1001-0.0%|0111-0.0%,0000,2.82
112.3,2.25,12.82,13.10|13.28,True,0110,0110-0.1%|1100-0.1%|1110-0.1%|0011-0.1%|0010-0.1%|1010-0.1%|1011-0.1%|0000-0.1%|1101-0.1%|0101-0.1%|1111-0.1%|0001-0.0%|1001-0.0%|0100-0.0%|1000-0.0%|0111-0.0%,0110,2.89
112.3,2.25,13.35,13.44,True,0011,0110-0.1%|1110-0.1%|1100-0.1%|0010-0.1%|0011-0.1%|1011-0.1%|1010-0.1%|0000-0.1%|1111-0.1%|0101-0.1%|1101-0.1%|0001-0.0%|1001-0.0%|0100-0.0%|1000-0.0%|0111-0.0%,0011,2.89
112.3,2.25,13.89,14.14,True,1010,0110-0.2%|1100-0.1%|1110-0.1%|0010-0.1%|1011-0.1%|1010-0.1%|0000-0.1%|0101-0.1%|1111-0.1%|1101-0.1%|0001-0.0%|1001-0.0%|0100-0.0%|1000-0.0%|0011-0.0%|0111-0.0%,1010,2.89
112.3,2.25,14.42,14.51|14.86,True,1100,0110-0.2%|1111-0.1%|1110-0.1%|1100-0.1%|0010-0.1%|1011-0.1%|0000-0.1%|1101-0.1%|0101-0.1%|0001-0.0%|0011-0.0%|0100-0.0%|1001-0.0%|1000-0.0%|1010-0.0%|0111-0.0%,1100,2.89
112.3,2.25,14.95,15.05|15.21,True,0110,0110-0.2%|1011-0.1%|0010-0.1%|1110-0.1%|1100-0.1%|1111-0.1%|1010-0.1%|1101-0.1%|0000-0.1%|0101-0.1%|0011-0.1%|0001-0.1%|1001-0.0%|0100-0.0%|1000-0.0%|0111-0.0%,0110,2.95
112.3,2.25,15.49,15.56|15.74|15.91,True,1101,0110-0.1%|0010-0.1%|1011-0.1%|1110-0.1%|1100-0.1%|1111-0.1%|1010-0.1%|1101-0.1%|0000-0.1%|0101-0.1%|0011-0.1%|0001-0.1%|1001-0.0%|0100-0.0%|1000-0.0%|0111-0.0%,1101,2.95
112.3,2.25,16.02,16.09|16.23|16.28,True,1110,0110-0.1%|1100-0.1%|0010-0.1%|1011-0.1%|1110-0.1%|1111-0.1%|1010-0.1%|0000-0.1%|0101-0.1%|0011-0.1%|0001-0.1%|1001-0.0%|0100-0.0%|1000-0.0%|0111-0.0%|1101-0.0%,1110,2.95
112.3,2.25,16.56,16.63|16.79|16.97,True,0110,1100-0.1%|0110-0.1%|0001-0.1%|0010-0.1%|1011-0.1%|1010-0.1%|1111-0.1%|0000-0.1%|0101-0.1%|0011-0.1%|1001-0.0%|0100-0.0%|1000-0.0%|0111-0.0%|1101-0.0%|1110-0.0%,0110,2.95
112.3,2.25,17.09,17.16|17.30,True,0001,1100-0.2%|0001-0.1%|1011-0.1%|0010-0.1%|1101-0.1%|0110-0.1%|0000-0.1%|1111-0.1%|1010-0.1%|0011-0.1%|1001-0.0%|0101-0.0%|0100-0.0%|1000-0.0%|0111-0.0%|1110-0.0%,0001,3.16
112.3,2.25,17.62,17.67|18.04,True,1100,1100-0.2%|0110-0.1%|1011-0.1%|0010-0.1%|1101-0.1%|0000-0.1%|1111-0.1%|1010-0.1%|0011-0.1%|1001-0.0%|0101-0.0%|0001-0.0%|1110-0.0%|0100-0.0%|1000-0.0%|0111-0.0%,1100,3.16
112.3,2.25,18.16,18.20|18.39,True,1101,0110-0.1%|0011-0.1%|1011-0.1%|1100-0.1%|0010-0.1%|1101-0.1%|0000-0.1%|1111-0.1%|1010-0.1%|0001-0.1%|1001-0.1%|0101-0.0%|0100-0.0%|1000-0.0%|0111-0.0%|1110-0.0%,1101,3.16
112.3,2.25,18.69,18.74|18.92|19.09,True,0000,1010-0.1%|0110-0.1%|1100-0.1%|0011-0.1%|0010-0.1%|1011-0.1%|0000-0.1%|1111-0.1%|1001-0.0%|0001-0.0%|0101-0.0%|1110-0.0%|0100-0.0%|1000-0.0%|0111-0.0%|1101-0.0%,0000,3.16
112.3,2.25,19.23,19.62|19.74,True,0110,1100-0.2%|0110-0.1%|0011-0.1%|0010-0.1%|0000-0.1%|1111-0.1%|0001-0.1%|0101-0.0%|1010-0.0%|1101-0.0%|1110-0.0%|1011-0.0%|0100-0.0%|1000-0.0%|1001-0.0%|0111-0.0%,0110,3.23
112.3,2.25,19.76,19.81|19.99|20.15,True,1011,1100-0.2%|0011-0.1%|0110-0.1%|0010-0.1%|0000-0.1%|1111-0.1%|1010-0.1%|0001-0.1%|0101-0.0%|1011-0.0%|1101-0.0%|1001-0.0%|0100-0.0%|1000-0.0%|0111-0.0%|1110-0.0%,1011,3.23
112.3,2.25,20.29,20.34|20.50|20.78,True,0011,1100-0.2%|0110-0.1%|0011-0.1%|0010-0.1%|1101-0.1%|0000-0.1%|1010-0.1%|1111-0.1%|0001-0.1%|0101-0.0%|1001-0.0%|1110-0.0%|0100-0.0%|1000-0.0%|0111-0.0%|1011-0.0%,0011,3.23
112.3,2.25,20.83,20.85|21.06|21.22,True,1100,1100-0.2%|0110-0.1%|0010-0.1%|1110-0.1%|1101-0.1%|0000-0.1%|1010-0.1%|1111-0.1%|0001-0.1%|0101-0.0%|0011-0.0%|1001-0.0%|0100-0.0%|1000-0.0%|0111-0.0%|1011-0.0%,1100,3.23
112.3,2.25,21.36,21.59,True,0001,0110-0.2%|1010-0.2%|1011-0.1%|1110-0.1%|1101-0.1%|1111-0.1%|0010-0.1%|1100-0.1%|0000-0.1%|0011-0.0%|0101-0.0%|0001-0.0%|0100-0.0%|1000-0.0%|1001-0.0%|0111-0.0%,0001,3.30
112.3,2.25,21.90,21.90|22.08|22.34,True,0110,0110-0.2%|1010-0.2%|1011-0.1%|1110-0.1%|1100-0.1%|1101-0.1%|1111-0.1%|0010-0.1%|0000-0.1%|0011-0.0%|0101-0.0%|1001-0.0%|0001-0.0%|0100-0.0%|1000-0.0%|0111-0.0%,0110,3.30
112.3,2.25,22.43,22.59|22.78,True,0010,1010-0.2%|1100-0.1%|1011-0.1%|0110-0.1%|1110-0.1%|1101-0.1%|0010-0.1%|1111-0.1%|0000-0.1%|0011-0.0%|0101-0.0%|0001-0.0%|0100-0.0%|1000-0.0%|1001-0.0%|0111-0.0%,0010,3.30
112.3,2.25,22.96,22.99|23.34,True,1100,1101-0.2%|1010-0.2%|1100-0.1%|1011-0.1%|0110-0.1%|1110-0.1%|1111-0.1%|0000-0.1%|0011-0.0%|0101-0.0%|0001-0.0%|0010-0.0%|0100-0.0%|1000-0.0%|1001-0.0%|0111-0.0%,1100,3.30
112.3,2.25,23.50,23.61|23.68|23.85|24.03,True,1000,1010-0.2%|0110-0.1%|1001-0.1%|1100-0.1%|1011-0.1%|0000-0.1%|0001-0.1%|0101-0.1%|1101-0.1%|0011-0.1%|0010-0.0%|1000-0.0%|0100-0.0%|0111-0.0%|1110-0.0%|1111-0.0%,1000,3.36
112.3,2.25,24.03,24.40,True,0110,0110-0.2%|1010-0.2%|1100-0.1%|1001-0.1%|1011-0.1%|0000-0.1%|0001-0.1%|0101-0.1%|1101-0.1%|0011-0.1%|0010-0.0%|0100-0.0%|1000-0.0%|0111-0.0%|1110-0.0%|1111-0.0%,0110,3.36
112.3,2.25,24.57,24.57|24.71|24.75|25.10,True,1100,1010-0.2%|1011-0.2%|0110-0.1%|1100-0.1%|1001-0.1%|0001-0.1%|0000-0.1%|0101-0.1%|0011-0.1%|1101-0.1%|0010-0.0%|0100-0.0%|1000-0.0%|0111-0.0%|1110-0.0%|1111-0.0%,1100,3.36
112.3,2.25,25.10,25.26|25.45,True,1001,1010-0.2%|1011-0.1%|0110-0.1%|0011-0.1%|1001-0.1%|0000-0.1%|0101-0.1%|0001-0.1%|1101-0.1%|1100-0.1%|0010-0.0%|0100-0.0%|1000-0.0%|0111-0.0%|1110-0.0%|1111-0.0%,1001,3.36
112.3,2.25,25.63,25.73|25.82|25.98|26.15,True,1101,1010-0.1%|0110-0.1%|0011-0.1%|1011-0.1%|1100-0.1%|1000-0.1%|0001-0.1%|0000-0.1%|0101-0.1%|1101-0.0%|0010-0.0%|1001-0.0%|1110-0.0%|0100-0.0%|0111-0.0%|1111-0.0%,1101,3.62
112.3,2.25,26.17,26.45|26.52|26.70,True,1100,1010-0.1%|0001-0.1%|0110-0.1%|0011-0.1%|1011-0.1%|1100-0.1%|1000-0.1%|0000-0.1%|1001-0.1%|0101-0.1%|0010-0.0%|1110-0.0%|0100-0.0%|0111-0.0%|1101-0.0%|1111-0.0%,1100,3.62
112.3,2.25,26.70,26.87|27.19,True,0101,0110-0.2%|1010-0.1%|0001-0.1%|0011-0.1%|1011-0.1%|1000-0.1%|0000-0.1%|1001-0.1%|0101-0.1%|1100-0.0%|0010-0.0%|1110-0.0%|0100-0.0%|0111-0.0%|1101-0.0%|1111-0.0%,0101,3.62
112.3,2.25,27.24,27.38|27.52|27.56,True,1010,0110-0.2%|1010-0.1%|0001-0.1%|0011-0.1%|1011-0.1%|0010-0.1%|1000-0.1%|1100-0.1%|0000-0.1%|1001-0.1%|1110-0.0%|0100-0.0%|0101-0.0%|0111-0.0%|1101-0.0%|1111-0.0%,1010,3.62
112.3,2.25,27.77,28.10|28.26,True,0110,0110-0.2%|0001-0.1%|1011-0.1%|0011-0.1%|0010-0.1%|1010-0.1%|1100-0.1%|0000-0.1%|1110-0.1%|1000-0.0%|0100-0.0%|1001-0.0%|0101-0.0%|0111-0.0%|1101-0.0%|1111-0.0%,0110,3.70
112.3,2.25,28.31,28.47|28.63,True,0000,0001-0.1%|1011-0.1%|1000-0.1%|1010-0.1%|0011-0.1%|0110-0.1%|0010-0.1%|1100-0.1%|0000-0.1%|1110-0.1%|1001-0.0%|0100-0.0%|0101-0.0%|0111-0.0%|1101-0.0%|1111-0.0%,0000,3.70
112.3,2.25,28.84,28.98|29.26|29.33,True,1010,0110-0.1%|0001-0.1%|1011-0.1%|1000-0.1%|0011-0.1%|1010-0.1%|0010-0.1%|1100-0.1%|0000-0.1%|1110-0.1%|1001-0.0%|0100-0.0%|0101-0.0%|0111-0.0%|1101-0.0%|1111-0.0%,1010,3.70
112.3,2.25,29.37,29.68|29.86,True,0110,0110-0.1%|1100-0.1%|0001-0.1%|1011-0.1%|1000-0.1%|0011-0.1%|0010-0.1%|0000-0.1%|1110-0.0%|1010-0.0%|1001-0.0%|0100-0.0%|0101-0.0%|0111-0.0%|1101-0.0%|1111-0.0%,0110,3.70
112.3,2.25,29.91,30.05|30.23|30.35|30.39,True,1100,0001-0.1%|1100-0.1%|0010-0.1%|0011-0.1%|1011-0.1%|1010-0.1%|0110-0.1%|0000-0.1%|1000-0.1%|1001-0.1%|1110-0.1%|0100-0.0%|0101-0.0%|0111-0.0%|1101-0.0%|1111-0.0%,1100,3.70
112.3,2.25,30.44,30.84|30.93,True,1101,0001-0.1%|0110-0.1%|0010-0.1%|0011-0.1%|1011-0.1%|1010-0.1%|0000-0.1%|1000-0.1%|1100-0.1%|1001-0.1%|1110-0.1%|1101-0.1%|0100-0.0%|0101-0.0%|0111-0.0%|1111-0.0%,1101,3.70
112.3,2.25,30.98,31.09|31.28|31.46,True,1011,0001-0.1%|1100-0.1%|0110-0.1%|0010-0.1%|0011-0.1%|1011-0.1%|1010-0.1%|0000-0.1%|1000-0.1%|1001-0.1%|1110-0.1%|0100-0.0%|0101-0.0%|0111-0.0%|1101-0.0%|1111-0.0%,1011,3.70
112.3,2.25,31.51,31.65|31.74|31.81,True,0001,0001-0.1%|1100-0.1%|0110-0.1%|0010-0.1%|0011-0.1%|1010-0.1%|0000-0.1%|1000-0.1%|1001-0.1%|1110-0.1%|0101-0.0%|0100-0.0%|0111-0.0%|1011-0.0%|1101-0.0%|1111-0.0%,0001,3.70
112.3,2.25,32.04,32.09|32.16|32.32|32.51,True,0110,1100-0.1%|0011-0.1%|0110-0.1%|1010-0.1%|1110-0.1%|0010-0.1%|1000-0.1%|1001-0.1%|0000-0.1%|1111-0.1%|0101-0.1%|1101-0.0%|1011-0.0%|0001-0.0%|0100-0.0%|0111-0.0%,0110,3.78
112.3,2.25,32.58,32.69|32.86|33.04,True,1101,1100-0.1%|0011-0.1%|1010-0.1%|1110-0.1%|0110-0.1%|0010-0.1%|1001-0.1%|1000-0.1%|0000-0.1%|0001-0.1%|0101-0.1%|1111-0.1%|1101-0.0%|0100-0.0%|0111-0.0%|1011-0.0%,1101,3.78
112.3,2.25,33.11,33.20|33.58,True,1011,1100-0.1%|0011-0.1%|0110-0.1%|1010-0.1%|1110-0.1%|0010-0.1%|1001-0.1%|1000-0.1%|0000-0.1%|0001-0.1%|0101-0.1%|1111-0.1%|1011-0.0%|0100-0.0%|0111-0.0%|1101-0.0%,1011,3.78
112.3,2.25,33.65,33.76|33.92,True,1110,1010-0.2%|1100-0.1%|0011-0.1%|0110-0.1%|1110-0.1%|0010-0.1%|1000-0.1%|1001-0.1%|0000-0.1%|0001-0.1%|1111-0.1%|0101-0.0%|0100-0.0%|0111-0.0%|1011-0.0%|1101-0.0%,1110,3.78
112.3,2.25,34.18,34.30|34.62,True,1000,1010-0.1%|0110-0.1%|0011-0.1%|1111-0.1%|1100-0.1%|0010-0.1%|1110-0.1%|1101-0.1%|0000-0.1%|0101-0.1%|1001-0.1%|1000-0.0%|0001-0.0%|0100-0.0%|0111-0.0%|1011-0.0%,1000,4.19
112.3,2.25,34.71,34.99,True,0001,1100-0.2%|1010-0.1%|0110-0.1%|1111-0.1%|0011-0.1%|1110-0.1%|0010-0.1%|1101-0.1%|0000-0.1%|0101-0.1%|1001-0.0%|0001-0.0%|0100-0.0%|1000-0.0%|0111-0.0%|1011-0.0%,0001,4.19
112.3,2.25,35.25,35.34,True,1001,1100-0.1%|0110-0.1%|1010-0.1%|1101-0.1%|0011-0.1%|1111-0.1%|1110-0.1%|0010-0.1%|0000-0.0%|0101-0.0%|1001-0.0%|1011-0.0%|0001-0.0%|0100-0.0%|1000-0.0%|0111-0.0%,1001,4.19
112.3,2.25,35.78,36.04,True,1100,1100-0.2%|1010-0.1%|0110-0.1%|1101-0.1%|1111-0.1%|0011-0.1%|1110-0.1%|1011-0.1%|0010-0.1%|0000-0.1%|0101-0.0%|0001-0.0%|0100-0.0%|1000-0.0%|1001-0.0%|0111-0.0%,1100,4.19
112.3,2.25,36.32,36.73,True,0010,0110-0.1%|1010-0.1%|1100-0.1%|0011-0.1%|1111-0.1%|1101-0.1%|0010-0.1%|0000-0.1%|1110-0.1%|1011-0.1%|0101-0.1%|1001-0.1%|0001-0.0%|0100-0.0%|1000-0.0%|0111-0.0%,0010,4.27
112.3,2.25,36.85,37.11|37.29,True,0110,0110-0.2%|1010-0.1%|1100-0.1%|0011-0.1%|1111-0.1%|1101-0.1%|0000-0.1%|1110-0.1%|1011-0.1%|0101-0.1%|1001-0.0%|0001-0.0%|0010-0.0%|0100-0.0%|1000-0.0%|0111-0.0%,0110,4.27
112.3,2.25,37.38,37.45|37.64,True,0101,1101-0.1%|1010-0.1%|0110-0.1%|1100-0.1%|0011-0.1%|1111-0.1%|0000-0.1%|1110-0.1%|1011-0.1%|0101-0.1%|1001-0.0%|0001-0.0%|0010-0.0%|0100-0.0%|1000-0.0%|0111-0.0%,0101,4.27
112.3,2.25,37.92,38.15,True,1111,0110-0.1%|1101-0.1%|1010-0.1%|1100-0.1%|1011-0.1%|0011-0.1%|1111-0.1%|0000-0.1%|1110-0.1%|1001-0.0%|0001-0.0%|0010-0.0%|0100-0.0%|1000-0.0%|0101-0.0%|0111-0.0%,1111,4.27
112.3,2.25,38.45,38.52|38.85,True,1101,1010-0.1%|1110-0.1%|0110-0.1%|1011-0.1%|1101-0.1%|0011-0.1%|1100-0.1%|1111-0.1%|0000-0.1%|0001-0.0%|0010-0.0%|0100-0.0%|1000-0.0%|0101-0.0%|1001-0.0%|0111-0.0%,1101,4.36
112.3,2.25,38.99,39.22|39.38,True,1110,1010-0.1%|0110-0.1%|1110-0.1%|1011-0.1%|0011-0.1%|1111-0.1%|1100-0.1%|1000-0.1%|0000-0.0%|0010-0.0%|0001-0.0%|0100-0.0%|1101-0.0%|0101-0.0%|1001-0.0%|0111-0.0%,1110,4.36
112.3,2.25,39.52,39.57|39.75|39.92,True,0110,1010-0.1%|0110-0.1%|1011-0.1%|0001-0.1%|0011-0.1%|1111-0.1%|1100-0.1%|1110-0.1%|1000-0.1%|0000-0.0%|1101-0.0%|0010-0.0%|0100-0.0%|0101-0.0%|1001-0.0%|0111-0.0%,0110,4.36
112.3,2.25,40.05,40.26,True,1100,1010-0.1%|1011-0.1%|1111-0.1%|0001-0.1%|0011-0.1%|1001-0.1%|1100-0.1%|1110-0.1%|0110-0.1%|1000-0.1%|0000-0.0%|1101-0.0%|0010-0.0%|0100-0.0%|0101-0.0%|0111-0.0%,1100,4.36
112.3,2.25,40.59,40.63|40.80|40.98,True,0011,1011-0.1%|1010-0.1%|1100-0.1%|0001-0.1%|0011-0.1%|0110-0.1%|1110-0.1%|1001-0.1%|0000-0.1%|1101-0.1%|1111-0.1%|1000-0.1%|0010-0.0%|0100-0.0%|0101-0.0%|0111-0.0%,0011,4.46
112.3,2.25,41.12,41.15|41.35,True,0001,1011-0.1%|1010-0.1%|1100-0.1%|0001-0.1%|0110-0.1%|1110-0.1%|0010-0.1%|1001-0.1%|1101-0.1%|0000-0.1%|1111-0.1%|1000-0.1%|0100-0.0%|0011-0.0%|0101-0.0%|0111-0.0%,0001,4.45
112.3,2.25,41.66,41.68|41.87,True,1001,0110-0.1%|1011-0.1%|1010-0.1%|1100-0.1%|1110-0.1%|0010-0.1%|1001-0.1%|1101-0.1%|0000-0.1%|1111-0.1%|1000-0.1%|0011-0.0%|0001-0.0%|0100-0.0%|0101-0.0%|0111-0.0%,1001,4.45
112.3,2.25,42.19,42.38|42.56|42.68,True,1010,0110-0.1%|1011-0.1%|1100-0.1%|1010-0.1%|1110-0.1%|0010-0.1%|1101-0.1%|0000-0.1%|0101-0.1%|1111-0.1%|1000-0.1%|0001-0.0%|0100-0.0%|0011-0.0%|1001-0.0%|0111-0.0%,1010,4.46
112.3,2.25,42.72,42.75|42.84|42.98,True,0110,0110-0.1%|1111-0.1%|1011-0.1%|1100-0.1%|0010-0.1%|0101-0.1%|1110-0.1%|1101-0.1%|0000-0.1%|1000-0.1%|0011-0.1%|0001-0.1%|1010-0.0%|1001-0.0%|0100-0.0%|0111-0.0%,0110,4.71
112.3,2.25,43.26,43.28|43.79,True,1011,1101-0.1%|1111-0.1%|1011-0.1%|0110-0.1%|1100-0.1%|0010-0.1%|0101-0.1%|1110-0.1%|1010-0.1%|0000-0.1%|1000-0.1%|0011-0.1%|0001-0.0%|1001-0.0%|0100-0.0%|0111-0.0%,1011,4.71
112.3,2.25,43.79,43.98,True,0110,1110-0.1%|1101-0.1%|1111-0.1%|0110-0.1%|1100-0.1%|0010-0.1%|0101-0.1%|1010-0.1%|0000-0.1%|1000-0.1%|0011-0.1%|0001-0.1%|1001-0.0%|0100-0.0%|0111-0.0%|1011-0.0%,0110,4.71
112.3,2.25,44.33,44.49,True,0110,1110-0.1%|1101-0.1%|1111-0.1%|1100-0.1%|0110-0.1%|0010-0.1%|0101-0.1%|1010-0.1%|0000-0.1%|1000-0.1%|0011-0.0%|0001-0.0%|1011-0.0%|1001-0.0%|0100-0.0%|0111-0.0%,0110,4.71
112.3,2.25,44.86,45.05,True,1111,1110-0.1%|1101-0.1%|1111-0.1%|1100-0.1%|1011-0.1%|1010-0.1%|0010-0.1%|0101-0.1%|0001-0.1%|0011-0.1%|0000-0.0%|0110-0.0%|1000-0.0%|0100-0.0%|1001-0.0%|0111-0.0%,1111,4.68
112.3,2.25,45.40,45.58|45.74|45.91,True,1100,1110-0.1%|1101-0.1%|0011-0.1%|1100-0.1%|1011-0.1%|0010-0.1%|1010-0.1%|0101-0.1%|0001-0.1%|0110-0.1%|1111-0.0%|0000-0.0%|1000-0.0%|0100-0.0%|1001-0.0%|0111-0.0%,1100,4.68
112.3,2.25,45.93,46.05|46.18|46.28|46.39,True,0110,1110-0.1%|1101-0.1%|0011-0.1%|0001-0.1%|1011-0.1%|1010-0.1%|0010-0.1%|1111-0.1%|0101-0.1%|0110-0.1%|0000-0.0%|1100-0.0%|1000-0.0%|0100-0.0%|1001-0.0%|0111-0.0%,0110,4.67
112.3,2.25,46.46,46.51|46.63|46.88,True,0001,1110-0.1%|1101-0.1%|0011-0.1%|0001-0.1%|1011-0.1%|1010-0.1%|0010-0.1%|1001-0.1%|1111-0.1%|0101-0.1%|1100-0.0%|0000-0.0%|1000-0.0%|0100-0.0%|0110-0.0%|0111-0.0%,0001,4.68
112.3,2.25,47.00,47.11|47.32,True,1010,1010-0.1%|1110-0.1%|0011-0.1%|1001-0.1%|1101-0.1%|1100-0.1%|0010-0.1%|0101-0.1%|0000-0.1%|1000-0.1%|0001-0.0%|1011-0.0%|0100-0.0%|0110-0.0%|0111-0.0%|1111-0.0%,1010,4.72
112.3,2.25,47.53,48.04,True,1001,1110-0.1%|0011-0.1%|1101-0.1%|1001-0.1%|1100-0.1%|0010-0.1%|0101-0.1%|1010-0.1%|0001-0.1%|0000-0.1%|1000-0.1%|1011-0.0%|0100-0.0%|0110-0.0%|0111-0.0%|1111-0.0%,1001,4.72
112.3,2.25,48.07,48.32|48.39|48.58,True,1011,1110-0.1%|0011-0.1%|1011-0.1%|1101-0.1%|1010-0.1%|0010-0.1%|1100-0.1%|0101-0.1%|0001-0.1%|0000-0.1%|1000-0.1%|0100-0.0%|0110-0.0%|1001-0.0%|0111-0.0%|1111-0.0%,1011,4.72
112.3,2.25,48.60,48.74|48.92,True,1110,1110-0.1%|0011-0.1%|1101-0.1%|1010-0.1%|1100-0.1%|0010-0.1%|0110-0.1%|0101-0.1%|0000-0.1%|0001-0.1%|1000-0.1%|1111-0.0%|0100-0.0%|1001-0.0%|0111-0.0%|1011-0.0%,1110,4.72
112.3,2.25,49.13,49.44,True,0001,0011-0.1%|0110-0.1%|1101-0.1%|1011-0.1%|0001-0.1%|0000-0.1%|0101-0.1%|1100-0.1%|0010-0.1%|1000-0.1%|1110-0.0%|1111-0.0%|0100-0.0%|1001-0.0%|1010-0.0%|0111-0.0%,0001,4.69
112.3,2.25,49.67,49.97|50.16,True,1101,0011-0.1%|0110-0.1%|1101-0.1%|1111-0.1%|1011-0.1%|0000-0.1%|1100-0.1%|0101-0.1%|1110-0.1%|0010-0.1%|1000-0.0%|1010-0.0%|0100-0.0%|0001-0.0%|1001-0.0%|0111-0.0%,1101,4.68
112.3,2.25,50.20,50.50|50.69,True,0011,0011-0.1%|0110-0.1%|1100-0.1%|1111-0.1%|1011-0.1%|0000-0.1%|0101-0.1%|0010-0.1%|1110-0.1%|1000-0.0%|1101-0.0%|0001-0.0%|1010-0.0%|0100-0.0%|1001-0.0%|0111-0.0%,0011,4.69
112.3,2.25,50.74,50.87|51.04|51.20,True,1111,0110-0.2%|1100-0.1%|1111-0.1%|1011-0.1%|0000-0.1%|0101-0.1%|1110-0.1%|0010-0.1%|0011-0.1%|1101-0.1%|1000-0.0%|1010-0.0%|0001-0.0%|0100-0.0%|1001-0.0%|0111-0.0%,1111,4.69
112.3,2.25,51.27,51.57|51.76,True,1111,0110-0.2%|1100-0.1%|1111-0.1%|1011-0.1%|0000-0.1%|1101-0.1%|1000-0.1%|0101-0.1%|0010-0.1%|0001-0.0%|0011-0.0%|0100-0.0%|1110-0.0%|1001-0.0%|1010-0.0%|0111-0.0%,1111,4.73
112.3,2.25,51.80,52.27,True,0010,0110-0.3%|1100-0.1%|1010-0.1%|1011-0.1%|1111-0.1%|1101-0.1%|0000-0.1%|1000-0.1%|0101-0.1%|0010-0.1%|0001-0.0%|0011-0.0%|0100-0.0%|1001-0.0%|0111-0.0%|1110-0.0%,0010,4.73
112.3,2.25,52.34,52.64,True,0110,0110-0.3%|1100-0.1%|1010-0.1%|1111-0.1%|1011-0.1%|1001-0.1%|1101-0.1%|0000-0.1%|1000-0.1%|0101-0.1%|0001-0.0%|0011-0.0%|0010-0.0%|0100-0.0%|0111-0.0%|1110-0.0%,0110,4.73
112.3,2.25,52.87,52.96,True,1101,0110-0.2%|1011-0.1%|1100-0.1%|1111-0.1%|1010-0.1%|1001-0.1%|0000-0.1%|1101-0.1%|1000-0.1%|0101-0.1%|0011-0.0%|0001-0.0%|0100-0.0%|0010-0.0%|0111-0.0%|1110-0.0%,1101,4.73
112.3,2.25,53.41,53.68|53.85,True,1010,1100-0.1%|0110-0.1%|1110-0.1%|1011-0.1%|1010-0.1%|0001-0.1%|1001-0.1%|0101-0.1%|0000-0.1%|1111-0.1%|0011-0.0%|1000-0.0%|0100-0.0%|0010-0.0%|0111-0.0%|1101-0.0%,1010,4.69
112.3,2.25,53.94,54.38,True,1011,0110-0.1%|1100-0.1%|0001-0.1%|1011-0.1%|1110-0.1%|1001-0.1%|0000-0.1%|0101-0.1%|1111-0.1%|0011-0.0%|1101-0.0%|1000-0.0%|0100-0.0%|0010-0.0%|1010-0.0%|0111-0.0%,1011,4.69
112.3,2.25,54.47,54.57,True,0000,0110-0.1%|1100-0.1%|0001-0.1%|1110-0.1%|1101-0.1%|1001-0.1%|1111-0.1%|0101-0.1%|0000-0.1%|0011-0.0%|1010-0.0%|1000-0.0%|1011-0.0%|0010-0.0%|0100-0.0%|0111-0.0%,0000,4.69
112.3,2.25,55.01,55.10,True,1001,0110-0.1%|1100-0.1%|0001-0.1%|1110-0.1%|0011-0.1%|1101-0.1%|1001-0.1%|1111-0.1%|0000-0.1%|0101-0.0%|1011-0.0%|1010-0.0%|1000-0.0%|0010-0.0%|0100-0.0%|0111-0.0%,1001,4.69
112.3,2.25,55.54,55.64,True,0101,1100-0.2%|0110-0.1%|0001-0.1%|0011-0.1%|1110-0.1%|1111-0.1%|0000-0.1%|0101-0.1%|1010-0.0%|1101-0.0%|1000-0.0%|0100-0.0%|1011-0.0%|0010-0.0%|1001-0.0%|0111-0.0%,0101,4.74
112.3,2.25,56.08,56.17|56.52,True,1010,1100-0.1%|1111-0.1%|0110-0.1%|0001-0.1%|0011-0.1%|1110-0.1%|0000-0.1%|1010-0.0%|1101-0.0%|1000-0.0%|1001-0.0%|1011-0.0%|0010-0.0%|0100-0.0%|0101-0.0%|0111-0.0%,1010,4.74
112.3,2.25,56.61,56.87|57.03,True,1110,0110-0.1%|1100-0.1%|1111-0.1%|0001-0.1%|0011-0.1%|1110-0.1%|0010-0.1%|0000-0.1%|1101-0.0%|1000-0.0%|1001-0.0%|0100-0.0%|0101-0.0%|1010-0.0%|0111-0.0%|1011-0.0%,1110,4.74
112.3,2.25,57.14,57.56,True,1001,0110-0.2%|1111-0.1%|1100-0.1%|0001-0.1%|0011-0.1%|0010-0.1%|0000-0.1%|1101-0.0%|1000-0.0%|1001-0.0%|1011-0.0%|0100-0.0%|0101-0.0%|1010-0.0%|0111-0.0%|1110-0.0%,1001,4.74
112.3,2.25,57.68,57.91,True,0110,0110-0.2%|1101-0.1%|0001-0.1%|1100-0.1%|1111-0.1%|0011-0.1%|0010-0.1%|0000-0.1%|0101-0.0%|0100-0.0%|1110-0.0%|1000-0.0%|1001-0.0%|1010-0.0%|0111-0.0%|1011-0.0%,0110,4.68
112.3,2.25,58.21,58.28|58.44,True,1111,1101-0.1%|0001-0.1%|0110-0.1%|1111-0.1%|1100-0.1%|0011-0.1%|0010-0.1%|1010-0.1%|0000-0.1%|0101-0.1%|0100-0.0%|1110-0.0%|1000-0.0%|1001-0.0%|0111-0.0%|1011-0.0%,1111,4.68
112.3,2.25,58.75,58.98|59.23,True,1011,0110-0.1%|1101-0.1%|0001-0.1%|1100-0.1%|0011-0.1%|0010-0.1%|1011-0.1%|1010-0.1%|0000-0.1%|0101-0.1%|0100-0.0%|1111-0.0%|1110-0.0%|1000-0.0%|1001-0.0%|0111-0.0%,1011,4.68
112.3,2.25,59.28,59.68,True,0010,1101-0.1%|0110-0.1%|0001-0.1%|1100-0.1%|0011-0.1%|0010-0.1%|1010-0.1%|0000-0.1%|1111-0.1%|0101-0.1%|0100-0.0%|1110-0.0%|1000-0.0%|1001-0.0%|0111-0.0%|1011-0.0%,0010,4.68
112.3,2.25,59.81,59.86|60.23,True,0110,1101-0.1%|0110-0.1%|0001-0.1%|1100-0.1%|0011-0.1%|1111-0.1%|1010-0.1%|1110-0.1%|1011-0.1%|0100-0.0%|0000-0.0%|1000-0.0%|0101-0.0%|0010-0.0%|1001-0.0%|0111-0.0%,0110,4.74
112.3,2.25,60.35,60.37|60.74,True,1000,1101-0.1%|0001-0.1%|1100-0.1%|0011-0.1%|1111-0.1%|0101-0.1%|1110-0.1%|1010-0.1%|0110-0.1%|1011-0.1%|0100-0.1%|0000-0.0%|1000-0.0%|0010-0.0%|1001-0.0%|0111-0.0%,1000,4.74
112.3,2.25,60.88,61.09|61.28,True,1111,1010-0.1%|1101-0.1%|0001-0.1%|1100-0.1%|0011-0.1%|1111-0.1%|0101-0.1%|0110-0.1%|1110-0.1%|1011-0.1%|0100-0.0%|0000-0.0%|0010-0.0%|1000-0.0%|1001-0.0%|0111-0.0%,1111,4.74
112.3,2.25,61.42,61.79,True,1111,1110-0.1%|1010-0.1%|1101-0.1%|0001-0.1%|1100-0.1%|0011-0.1%|0101-0.1%|0110-0.1%|1011-0.1%|0100-0.0%|1111-0.0%|0000-0.0%|0010-0.0%|1000-0.0%|1001-0.0%|0111-0.0%,1111,4.74
112.3,2.25,61.95,62.07,True,1110,1110-0.1%|1010-0.1%|0001-0.1%|0011-0.1%|1100-0.1%|1101-0.1%|0101-0.1%|0110-0.1%|1011-0.1%|1001-0.1%|0000-0.1%|0100-0.0%|1111-0.0%|0010-0.0%|1000-0.0%|0111-0.0%,1110,4.71
112.3,2.25,62.48,62.51|62.67,True,0110,0110-0.1%|1010-0.1%|0001-0.1%|0011-0.1%|1100-0.1%|1101-0.1%|0101-0.1%|1001-0.1%|1011-0.1%|0000-0.1%|1111-0.1%|0100-0.0%|1110-0.0%|0010-0.0%|1000-0.0%|0111-0.0%,0110,4.70
112.3,2.25,63.02,63.20|63.39|63.55,True,0000,1010-0.1%|0001-0.1%|0011-0.1%|1111-0.1%|0101-0.1%|1100-0.1%|1101-0.1%|1001-0.1%|0110-0.1%|1011-0.1%|0000-0.1%|0100-0.1%|1110-0.0%|0010-0.0%|1000-0.0%|0111-0.0%,0000,4.70
112.3,2.25,63.55,63.74|63.92,True,0000,1011-0.1%|1010-0.1%|0001-0.1%|1111-0.1%|0011-0.1%|0101-0.1%|0110-0.1%|1101-0.1%|1100-0.1%|1001-0.1%|0000-0.1%|0100-0.0%|1110-0.0%|0010-0.0%|1000-0.0%|0111-0.0%,0000,4.70
112.3,2.25,64.09,64.11|64.27|64.46|64.62,True,0001,0001-0.1%|1101-0.1%|1011-0.1%|1100-0.1%|0011-0.1%|1010-0.1%|1111-0.1%|1001-0.1%|0010-0.1%|0101-0.1%|0110-0.1%|0000-0.1%|1110-0.1%|0100-0.0%|1000-0.0%|0111-0.0%,0001,4.71
112.3,2.25,64.62,64.81|64.99,True,1011,1101-0.1%|1011-0.1%|0110-0.1%|1100-0.1%|0011-0.1%|1010-0.1%|1111-0.1%|1001-0.1%|0010-0.1%|0101-0.1%|1110-0.1%|0000-0.1%|0001-0.0%|0100-0.0%|1000-0.0%|0111-0.0%,1011,4.70
112.3,2.25,65.16,65.25|65.50,True,1001,1101-0.1%|0110-0.1%|1100-0.1%|1010-0.1%|0011-0.1%|1111-0.1%|1001-0.1%|0010-0.1%|0101-0.1%|1000-0.1%|1110-0.1%|0000-0.1%|0001-0.0%|0100-0.0%|0111-0.0%|1011-0.0%,1001,4.71
112.3,2.25,65.69,65.78|66.04,True,1100,1111-0.1%|1101-0.1%|0110-0.1%|1010-0.1%|1100-0.1%|0011-0.1%|0010-0.1%|0101-0.1%|1000-0.1%|1110-0.1%|0000-0.1%|0001-0.0%|1011-0.0%|0100-0.0%|1001-0.0%|0111-0.0%,1100,4.70
112.3,2.25,66.22,None,False,0000,0000-100.0%|0001-0.0%|0010-0.0%|0100-0.0%|1000-0.0%|0011-0.0%|0101-0.0%|0110-0.0%|1001-0.0%|1010-0.0%|1100-0.0%|0111-0.0%|1011-0.0%|1101-0.0%|1110-0.0%|1111-0.0%,0000,0.00
112.3,2.25,66.76,None,False,0000,0000-100.0%|0001-0.0%|0010-0.0%|0100-0.0%|1000-0.0%|0011-0.0%|0101-0.0%|0110-0.0%|1001-0.0%|1010-0.0%|1100-0.0%|0111-0.0%|1011-0.0%|1101-0.0%|1110-0.0%|1111-0.0%,0000,0.00
112.3,2.25,67.29,None,False,0000,0000-100.0%|0001-0.0%|0010-0.0%|0100-0.0%|1000-0.0%|0011-0.0%|0101-0.0%|0110-0.0%|1001-0.0%|1010-0.0%|1100-0.0%|0111-0.0%|1011-0.0%|1101-0.0%|1110-0.0%|1111-0.0%,0000,0.00
112.3,2.25,67.83,None,False,0000,0000-100.0%|0001-0.0%|0010-0.0%|0100-0.0%|1000-0.0%|0011-0.0%|0101-0.0%|0110-0.0%|1001-0.0%|1010-0.0%|1100-0.0%|0111-0.0%|1011-0.0%|1101-0.0%|1110-0.0%|1111-0.0%,0000,0.00
112.3,2.25,68.36,None,False,0000,0000-100.0%|0001-0.0%|0010-0.0%|0100-0.0%|1000-0.0%|0011-0.0%|0101-0.0%|0110-0.0%|1001-0.0%|1010-0.0%|1100-0.0%|0111-0.0%|1011-0.0%|1101-0.0%|1110-0.0%|1111-0.0%,0000,0.00
112.3,2.25,68.89,None,False,0000,0000-100.0%|0001-0.0%|0010-0.0%|0100-0.0%|1000-0.0%|0011-0.0%|0101-0.0%|0110-0.0%|1001-0.0%|1010-0.0%|1100-0.0%|0111-0.0%|1011-0.0%|1101-0.0%|1110-0.0%|1111-0.0%,0000,0.00
112.3,2.25,69.43,None,False,0000,0000-100.0%|0001-0.0%|0010-0.0%|0100-0.0%|1000-0.0%|0011-0.0%|0101-0.0%|0110-0.0%|1001-0.0%|1010-0.0%|1100-0.0%|0111-0.0%|1011-0.0%|1101-0.0%|1110-0.0%|1111-0.0%,0000,0.00
112.3,2.25,69.96,None,False,0000,0000-100.0%|0001-0.0%|0010-0.0%|0100-0.0%|1000-0.0%|0011-0.0%|0101-0.0%|0110-0.0%|1001-0.0%|1010-0.0%|1100-0.0%|0111-0.0%|1011-0.0%|1101-0.0%|1110-0.0%|1111-0.0%,0000,0.00
112.3,2.25,70.50,70.54,True,1111,1111-0.2%|0110-0.1%|1011-0.1%|1101-0.1%|1110-0.1%|0001-0.1%|1100-0.1%|0011-0.1%|1010-0.1%|0101-0.0%|0010-0.0%|1001-0.0%|0000-0.0%|0100-0.0%|1000-0.0%|0111-0.0%,1111,4.70
112.3,2.25,71.03,71.26|71.31,True,1011,0110-0.2%|1011-0.1%|1101-0.1%|1110-0.1%|1111-0.1%|0001-0.1%|1100-0.1%|1010-0.1%|0011-0.1%|0101-0.1%|0010-0.0%|1001-0.0%|0000-0.0%|0100-0.0%|1000-0.0%|0111-0.0%,1011,4.70
112.3,2.25,71.56,71.68|72.03,True,0101,0110-0.2%|1111-0.1%|1101-0.1%|1110-0.1%|0001-0.1%|1011-0.1%|1100-0.1%|0011-0.1%|1010-0.1%|0101-0.1%|0010-0.0%|1001-0.0%|0000-0.0%|0100-0.0%|1000-0.0%|0111-0.0%,0101,4.70
112.3,2.25,72.10,None,False,0000,0000-100.0%|0001-0.0%|0010-0.0%|0100-0.0%|1000-0.0%|0011-0.0%|0101-0.0%|0110-0.0%|1001-0.0%|1010-0.0%|1100-0.0%|0111-0.0%|1011-0.0%|1101-0.0%|1110-0.0%|1111-0.0%,0000,0.00
112.3,2.25,72.63,72.75|72.89|73.00|73.12,True,0110,1111-0.2%|0001-0.1%|1101-0.1%|0110-0.1%|1011-0.1%|1110-0.1%|0011-0.1%|1001-0.1%|0010-0.1%|1100-0.0%|0111-0.0%|1010-0.0%|0101-0.0%|0000-0.0%|0100-0.0%|1000-0.0%,0110,4.71
112.3,2.25,73.17,73.31|73.44|73.65,True,1010,1111-0.2%|0001-0.1%|1101-0.1%|1011-0.1%|1110-0.1%|0011-0.1%|1001-0.1%|0010-0.1%|1100-0.1%|1010-0.0%|0111-0.0%|0110-0.0%|0101-0.0%|0000-0.0%|0100-0.0%|1000-0.0%,1010,4.70
112.3,2.25,73.70,73.82|73.91|74.09|74.16,True,1101,1111-0.2%|0001-0.1%|1101-0.1%|1011-0.1%|1110-0.1%|0011-0.1%|1001-0.1%|0010-0.1%|0000-0.1%|0110-0.1%|1100-0.0%|0111-0.0%|0101-0.0%|0100-0.0%|1000-0.0%|1010-0.0%,1101,4.70
112.3,2.25,74.23,74.35|74.51|74.68,True,0011,1111-0.2%|0001-0.1%|1011-0.1%|1110-0.1%|0011-0.1%|1001-0.1%|0000-0.1%|0010-0.1%|0110-0.1%|1100-0.1%|0111-0.0%|1101-0.0%|0101-0.0%|0100-0.0%|1000-0.0%|1010-0.0%,0011,4.71
112.3,2.25,74.77,74.86|75.05|75.21,True,1010,0110-0.1%|0001-0.1%|1110-0.1%|1001-0.1%|1011-0.1%|1111-0.1%|1100-0.1%|0000-0.1%|0010-0.1%|1101-0.1%|1010-0.1%|1000-0.0%|0100-0.0%|0111-0.0%|0011-0.0%|0101-0.0%,1010,4.71
112.3,2.25,75.30,75.40|75.56|75.70,True,1011,1111-0.1%|0110-0.1%|0001-0.1%|1110-0.1%|1001-0.1%|1011-0.1%|1100-0.1%|0010-0.1%|0000-0.1%|1101-0.1%|1000-0.0%|0100-0.0%|0111-0.0%|0011-0.0%|0101-0.0%|1010-0.0%,1011,4.71
112.3,2.25,75.84,75.84|75.93|76.12|76.28,True,0111,1111-0.1%|0110-0.1%|0001-0.1%|1110-0.1%|1001-0.1%|1100-0.1%|0010-0.1%|0000-0.1%|1011-0.1%|1101-0.1%|1000-0.0%|0100-0.0%|0111-0.0%|0011-0.0%|0101-0.0%|1010-0.0%,0111,4.71
112.3,2.25,76.37,76.39|76.53|76.65|76.77|76.81|76.88,True,1100,1111-0.1%|0110-0.1%|1110-0.1%|0001-0.1%|0101-0.1%|1001-0.1%|1011-0.1%|1100-0.1%|1101-0.1%|0000-0.1%|0010-0.1%|1000-0.0%|0100-0.0%|0011-0.0%|1010-0.0%|0111-0.0%,1100,4.71
112.3,2.25,76.90,76.97|77.16|77.32,True,1001,1111-0.1%|0001-0.1%|1001-0.1%|1011-0.1%|0101-0.1%|1110-0.1%|1101-0.1%|0110-0.1%|0010-0.1%|1000-0.0%|0100-0.0%|0000-0.0%|0011-0.0%|1010-0.0%|1100-0.0%|0111-0.0%,1001,4.71
112.3,2.25,77.44,77.51|77.67,True,0001,1111-0.1%|0001-0.1%|0110-0.1%|0101-0.1%|1011-0.1%|1110-0.1%|1101-0.1%|0010-0.1%|1000-0.1%|0100-0.0%|1001-0.0%|0000-0.0%|1100-0.0%|0011-0.0%|1010-0.0%|0111-0.0%,0001,4.71
112.3,2.25,77.97,78.04|78.20|78.39,True,0000,1111-0.1%|0110-0.1%|0101-0.1%|1011-0.1%|1110-0.1%|1101-0.1%|1010-0.1%|0010-0.1%|1001-0.1%|0001-0.1%|1000-0.1%|0100-0.0%|0000-0.0%|0011-0.0%|1100-0.0%|0111-0.0%,0000,4.71
112.3,2.25,78.51,78.53|78.65|78.76|78.92,True,1101,1111-0.1%|1101-0.1%|0110-0.1%|1011-0.1%|0101-0.1%|1110-0.1%|1010-0.1%|0001-0.1%|0010-0.1%|1001-0.1%|1000-0.0%|0100-0.0%|0000-0.0%|0011-0.0%|1100-0.0%|0111-0.0%,1101,4.71
112.3,2.25,79.04,79.09|79.37,True,0100,0110-0.1%|1111-0.1%|0011-0.1%|0101-0.1%|0000-0.1%|0010-0.1%|1110-0.1%|0001-0.1%|0100-0.1%|1011-0.0%|1101-0.0%|1000-0.0%|1010-0.0%|1001-0.0%|1100-0.0%|0111-0.0%,0100,4.71
112.3,2.25,79.57,79.62|79.78|79.99,True,1000,0110-0.2%|1111-0.1%|0011-0.1%|0101-0.1%|1010-0.1%|0000-0.1%|0010-0.1%|1110-0.1%|0001-0.1%|1101-0.1%|1011-0.0%|1000-0.0%|0100-0.0%|1001-0.0%|1100-0.0%|0111-0.0%,1000,4.71
112.3,2.25,80.11,80.16|80.34|80.50,True,0110,0110-0.1%|1111-0.1%|0011-0.1%|1011-0.1%|0101-0.1%|1010-0.1%|0010-0.1%|0000-0.1%|1110-0.1%|0001-0.1%|1101-0.1%|1001-0.0%|0100-0.0%|1000-0.0%|1100-0.0%|0111-0.0%,0110,4.70
112.3,2.25,80.64,81.04,True,0011,1111-0.1%|0011-0.1%|1011-0.1%|0101-0.1%|1010-0.1%|0000-0.1%|0010-0.1%|0110-0.1%|1110-0.1%|0111-0.1%|0001-0.1%|1101-0.1%|0100-0.0%|1000-0.0%|1001-0.0%|1100-0.0%,0011,4.71
112.3,2.25,81.18,81.20,True,1111,1111-0.1%|1011-0.1%|1010-0.1%|1110-0.1%|1100-0.1%|0000-0.1%|0101-0.1%|0110-0.1%|1101-0.1%|1001-0.1%|0010-0.1%|0001-0.1%|0111-0.0%|0100-0.0%|1000-0.0%|0011-0.0%,1111,4.71
112.3,2.25,81.71,81.73|81.92|82.11|82.20,True,0000,1011-0.1%|1001-0.1%|1010-0.1%|1110-0.1%|1100-0.1%|0000-0.1%|0101-0.1%|1111-0.1%|0110-0.1%|0010-0.1%|1101-0.1%|0001-0.1%|0111-0.0%|0100-0.0%|1000-0.0%|0011-0.0%,0000,4.71
112.3,2.25,82.25,82.45|82.64|82.73,True,1111,1011-0.1%|1001-0.1%|1010-0.1%|0001-0.1%|1110-0.1%|1111-0.1%|1100-0.1%|0000-0.1%|0101-0.1%|0110-0.1%|0010-0.1%|1101-0.1%|0111-0.0%|0100-0.0%|1000-0.0%|0011-0.0%,1111,4.71
112.3,2.25,82.78,82.92|82.99|83.24,True,0000,1011-0.1%|1001-0.1%|1010-0.1%|0001-0.1%|1110-0.1%|1100-0.1%|0000-0.1%|0101-0.1%|1101-0.1%|0110-0.1%|0010-0.1%|0111-0.0%|1111-0.0%|0100-0.0%|1000-0.0%|0011-0.0%,0000,4.71
112.3,2.25,83.31,83.34,True,1110,1011-0.1%|1010-0.1%|0001-0.1%|1001-0.1%|1110-0.1%|0101-0.1%|1101-0.1%|0000-0.1%|0110-0.1%|1100-0.1%|1111-0.1%|0010-0.0%|0111-0.0%|0100-0.0%|1000-0.0%|0011-0.0%,1110,4.71
112.3,2.25,83.85,83.87|84.03|84.38,True,1101,1011-0.1%|1010-0.1%|0001-0.1%|1001-0.1%|1101-0.1%|0101-0.1%|0000-0.1%|1100-0.1%|0110-0.1%|0100-0.1%|1111-0.1%|0111-0.0%|0010-0.0%|1000-0.0%|0011-0.0%|1110-0.0%,1101,4.70
112.3,2.25,84.38,84.57|84.75,True,0100,1011-0.1%|1010-0.1%|0001-0.1%|1001-0.1%|0101-0.1%|0000-0.1%|1100-0.1%|0110-0.1%|0100-0.1%|1111-0.1%|1000-0.0%|0010-0.0%|0111-0.0%|1110-0.0%|0011-0.0%|1101-0.0%,0100,4.70
112.3,2.25,84.92,85.10,True,1011,0110-0.1%|0001-0.1%|1010-0.1%|1011-0.1%|1001-0.1%|0000-0.1%|0101-0.1%|1100-0.1%|1111-0.1%|1000-0.0%|0010-0.0%|0111-0.0%|0011-0.0%|0100-0.0%|1101-0.0%|1110-0.0%,1011,4.70
112.3,2.25,85.45,85.45|85.64|85.80|85.98,True,0111,0110-0.2%|0001-0.1%|0011-0.1%|1100-0.1%|1011-0.1%|0101-0.1%|0000-0.1%|1001-0.1%|1010-0.1%|1110-0.1%|0010-0.1%|1111-0.0%|1000-0.0%|0111-0.0%|0100-0.0%|1101-0.0%,0111,4.71
112.3,2.25,85.98,86.17|86.33,True,1110,0110-0.2%|0001-0.1%|1111-0.1%|1011-0.1%|0011-0.1%|1100-0.1%|0101-0.1%|0000-0.1%|1001-0.1%|1010-0.1%|1110-0.1%|0010-0.1%|1000-0.0%|0100-0.0%|0111-0.0%|1101-0.0%,1110,4.71
112.3,2.25,86.52,86.52|86.68|86.87,True,0001,0110-0.2%|0001-0.1%|1011-0.1%|1111-0.1%|0011-0.1%|1100-0.1%|0101-0.1%|0000-0.1%|1001-0.1%|1010-0.1%|0010-0.1%|1000-0.0%|1101-0.0%|0100-0.0%|0111-0.0%|1110-0.0%,0001,4.71
112.3,2.25,87.05,87.21|87.40,True,1011,0110-0.2%|1111-0.2%|1011-0.1%|0011-0.1%|1100-0.1%|0101-0.1%|0000-0.1%|1001-0.1%|1010-0.1%|0010-0.1%|1000-0.0%|1101-0.0%|0001-0.0%|0100-0.0%|0111-0.0%|1110-0.0%,1011,4.71
112.3,2.25,87.59,87.91,True,0011,1111-0.2%|0110-0.1%|0011-0.1%|1100-0.1%|1001-0.1%|0101-0.1%|0001-0.1%|1010-0.1%|0000-0.1%|0010-0.1%|1000-0.1%|1101-0.0%|0111-0.0%|0100-0.0%|1011-0.0%|1110-0.0%,0011,4.71
112.3,2.25,88.12,88.28,True,1011,1111-0.2%|0110-0.1%|1100-0.1%|1001-0.1%|0101-0.1%|0001-0.1%|1010-0.1%|0000-0.1%|1110-0.1%|1000-0.1%|0010-0.1%|1011-0.0%|1101-0.0%|0100-0.0%|0011-0.0%|0111-0.0%,1011,4.71
112.3,2.25,88.65,88.98|89.16,True,1001,1111-0.2%|0110-0.1%|1101-0.1%|1100-0.1%|1001-0.1%|0101-0.1%|0001-0.1%|1110-0.1%|1010-0.1%|0000-0.1%|1000-0.1%|0010-0.1%|0111-0.0%|0100-0.0%|0011-0.0%|1011-0.0%,1001,4.71
112.3,2.25,89.19,89.51|89.68,True,0100,1111-0.2%|1101-0.1%|0110-0.1%|1100-0.1%|0101-0.1%|0100-0.1%|1110-0.1%|0001-0.1%|0000-0.1%|1010-0.1%|1000-0.1%|0010-0.1%|0111-0.0%|0011-0.0%|1001-0.0%|1011-0.0%,0100,4.71
112.3,2.25,89.72,90.05,True,1111,1111-0.2%|0110-0.1%|1010-0.1%|1101-0.1%|1100-0.1%|0101-0.1%|0000-0.1%|0001-0.1%|1001-0.1%|0011-0.0%|1000-0.0%|1011-0.0%|0010-0.0%|1110-0.0%|0100-0.0%|0111-0.0%,1111,4.71
112.3,2.25,90.26,90.40|90.63,True,1001,0111-0.1%|0110-0.1%|1010-0.1%|1101-0.1%|1100-0.1%|1111-0.1%|0101-0.1%|0001-0.1%|0000-0.1%|1001-0.1%|0011-0.1%|1000-0.0%|0010-0.0%|1011-0.0%|0100-0.0%|1110-0.0%,1001,4.71
112.3,2.25,90.79,90.86|91.09|91.28,True,0101,0111-0.1%|1110-0.1%|0110-0.1%|1111-0.1%|1010-0.1%|1101-0.1%|1100-0.1%|0101-0.1%|0001-0.1%|0000-0.1%|0011-0.1%|0010-0.0%|1000-0.0%|0100-0.0%|1001-0.0%|1011-0.0%,0101,4.71
112.3,2.25,91.32,91.81,True,1111,0001-0.1%|1110-0.1%|0111-0.1%|0110-0.1%|1111-0.1%|1010-0.1%|1101-0.1%|1100-0.1%|0000-0.1%|0011-0.0%|1000-0.0%|0010-0.0%|1011-0.0%|0100-0.0%|0101-0.0%|1001-0.0%,1111,4.71
112.3,2.25,91.86,91.97|92.16|92.35,True,1110,0001-0.1%|0110-0.1%|1101-0.1%|0111-0.1%|1110-0.1%|1111-0.1%|1011-0.1%|1010-0.1%|1100-0.1%|0010-0.1%|0000-0.0%|0011-0.0%|1000-0.0%|0100-0.0%|0101-0.0%|1001-0.0%,1110,4.71
112.3,2.25,92.39,92.51|92.69,True,1100,0001-0.1%|0110-0.1%|1101-0.1%|0011-0.1%|1111-0.1%|0111-0.1%|1011-0.1%|1010-0.1%|0010-0.1%|1100-0.1%|0000-0.0%|1000-0.0%|0100-0.0%|0101-0.0%|1001-0.0%|1110-0.0%,1100,4.71
112.3,2.25,92.93,93.04|93.23|93.34|93.46,True,1000,1011-0.1%|0001-0.1%|0110-0.1%|1101-0.1%|0011-0.1%|1111-0.1%|0111-0.1%|1010-0.1%|0010-0.1%|0000-0.0%|1000-0.0%|1110-0.0%|0100-0.0%|0101-0.0%|1001-0.0%|1100-0.0%,1000,4.71
112.3,2.25,93.46,93.58|93.69|93.81|93.92,True,1011,1011-0.1%|0001-0.1%|0110-0.1%|1101-0.1%|1111-0.1%|0011-0.1%|0111-0.1%|1010-0.1%|0010-0.1%|0000-0.0%|1110-0.0%|0101-0.0%|0100-0.0%|1000-0.0%|1001-0.0%|1100-0.0%,1011,4.71
112.3,2.25,93.99,94.11|94.20,True,1101,0001-0.1%|0110-0.1%|0011-0.1%|1111-0.1%|0111-0.1%|0100-0.1%|0000-0.1%|1101-0.1%|1011-0.1%|1110-0.1%|0010-0.1%|1010-0.1%|1001-0.0%|1000-0.0%|0101-0.0%|1100-0.0%,1101,4.71
112.3,2.25,94.53,94.62,True,0111,1111-0.1%|0001-0.1%|0110-0.1%|0011-0.1%|0111-0.1%|0100-0.1%|1011-0.1%|0000-0.1%|1110-0.1%|0010-0.1%|1010-0.1%|1001-0.0%|1000-0.0%|0101-0.0%|1100-0.0%|1101-0.0%,0111,4.71
112.3,2.25,95.06,95.34|95.50,True,1101,1111-0.1%|0001-0.1%|0110-0.1%|0011-0.1%|1001-0.1%|0100-0.1%|0000-0.1%|1011-0.1%|1110-0.1%|0010-0.1%|1010-0.0%|0101-0.0%|1101-0.0%|1000-0.0%|1100-0.0%|0111-0.0%,1101,4.71
112.3,2.25,95.60,95.69|95.78|96.04,True,1111,1111-0.1%|0001-0.1%|0110-0.1%|0011-0.1%|1001-0.1%|0101-0.1%|0100-0.1%|0000-0.1%|1011-0.1%|1110-0.1%|0010-0.1%|1010-0.0%|1000-0.0%|1100-0.0%|0111-0.0%|1101-0.0%,1111,4.71
112.3,2.25,96.13,96.22|96.39|96.57|96.66,True,1011,1111-0.2%|0001-0.1%|0011-0.1%|1001-0.1%|0110-0.1%|1010-0.1%|1011-0.1%|0101-0.1%|0100-0.1%|0000-0.1%|0111-0.1%|0010-0.0%|1000-0.0%|1100-0.0%|1101-0.0%|1110-0.0%,1011,4.71
112.3,2.25,96.66,96.76|96.85|96.92|97.11,True,0011,1111-0.2%|0001-0.1%|0011-0.1%|1001-0.1%|0110-0.1%|1110-0.1%|1010-0.1%|0101-0.1%|0100-0.1%|0000-0.1%|0111-0.1%|0010-0.0%|1000-0.0%|1100-0.0%|1011-0.0%|1101-0.0%,0011,4.71
112.3,2.25,97.20,97.20|97.45|97.62,True,0010,1111-0.2%|0001-0.1%|0110-0.1%|1001-0.1%|1110-0.1%|1010-0.1%|0101-0.1%|0100-0.1%|0000-0.1%|0111-0.1%|1100-0.0%|0010-0.0%|0011-0.0%|1000-0.0%|1011-0.0%|1101-0.0%,0010,4.71
112.3,2.25,97.73,97.80|97.99|98.08|98.24,True,0101,1111-0.2%|0001-0.1%|0110-0.1%|1001-0.1%|1110-0.1%|1010-0.1%|0101-0.1%|0100-0.1%|0000-0.1%|0111-0.1%|1000-0.0%|0011-0.0%|1100-0.0%|0010-0.0%|1011-0.0%|1101-0.0%,0101,4.71
112.3,2.25,98.27,98.34|98.52|98.59|98.78,True,1111,1111-0.1%|0110-0.1%|0001-0.1%|1110-0.1%|1011-0.1%|1001-0.1%|0100-0.1%|0111-0.1%|1010-0.1%|0000-0.1%|1100-0.0%|0101-0.0%|1000-0.0%|0010-0.0%|0011-0.0%|1101-0.0%,1111,4.71
112.3,2.25,98.80,98.87|99.03|99.20,True,1011,0110-0.1%|0001-0.1%|1110-0.1%|1111-0.1%|1011-0.1%|1001-0.1%|0100-0.1%|0111-0.1%|0101-0.1%|1010-0.1%|0000-0.1%|1101-0.1%|1100-0.1%|0010-0.0%|1000-0.0%|0011-0.0%,1011,4.70
112.3,2.25,99.33,99.38|99.47|99.57|99.66|99.75,True,1001,0110-0.1%|0111-0.1%|0001-0.1%|1110-0.1%|1111-0.1%|0100-0.1%|1001-0.1%|0101-0.1%|1010-0.1%|0000-0.1%|1101-0.1%|1100-0.0%|0011-0.0%|0010-0.0%|1000-0.0%|1011-0.0%,1001,4.70
112.3,2.25,99.87,99.92|100.01|100.10|100.19|100.26,True,1101,0111-0.1%|0110-0.1%|1101-0.1%|0001-0.1%|1111-0.1%|1110-0.1%|0100-0.1%|0101-0.1%|0000-0.1%|1010-0.1%|1100-0.0%|1011-0.0%|0011-0.0%|0010-0.0%|1000-0.0%|1001-0.0%,1101,4.70
112.3,2.25,100.40,100.45|100.61|100.80,True,0000,0110-0.2%|1111-0.1%|0001-0.1%|0111-0.1%|1110-0.1%|0000-0.1%|0100-0.1%|1000-0.0%|0011-0.0%|1100-0.0%|1011-0.0%|1101-0.0%|1010-0.0%|0010-0.0%|0101-0.0%|1001-0.0%,0000,4.75
112.3,2.25,100.94,100.98|101.08|101.15|101.33|101.42,True,0100,0110-0.2%|1111-0.1%|0001-0.1%|0111-0.1%|1110-0.1%|1011-0.1%|0000-0.1%|0100-0.1%|1101-0.0%|1000-0.0%|0011-0.0%|1100-0.0%|1010-0.0%|0010-0.0%|0101-0.0%|1001-0.0%,0100,4.74
112.3,2.25,101.47,101.68|101.87,True,0000,0110-0.2%|1111-0.1%|0001-0.1%|0111-0.1%|0011-0.1%|1110-0.1%|1011-0.1%|0000-0.1%|1101-0.1%|1100-0.0%|1000-0.0%|0101-0.0%|0010-0.0%|0100-0.0%|1001-0.0%|1010-0.0%,0000,4.74
112.3,2.25,102.01,102.03|102.21|102.31|102.40|102.49,True,0010,0110-0.2%|1111-0.1%|0001-0.1%|1110-0.1%|0111-0.1%|0011-0.1%|1011-0.1%|0000-0.1%|1101-0.1%|0010-0.0%|1000-0.0%|1010-0.0%|0100-0.0%|0101-0.0%|1001-0.0%|1100-0.0%,0010,4.74
112.3,2.25,102.54,102.56|102.75|102.84|102.93|103.03,True,1000,1111-0.2%|0110-0.1%|1110-0.1%|0001-0.1%|0111-0.1%|0000-0.1%|1011-0.1%|0011-0.1%|0101-0.1%|1000-0.1%|1101-0.1%|1100-0.0%|0010-0.0%|0100-0.0%|1001-0.0%|1010-0.0%,1000,4.75
112.3,2.25,103.07,103.10|103.26|103.44,True,1111,1111-0.2%|0110-0.1%|1110-0.1%|0111-0.1%|0001-0.1%|0000-0.1%|1011-0.1%|0011-0.1%|0101-0.1%|1101-0.1%|1100-0.0%|1010-0.0%|0010-0.0%|0100-0.0%|1000-0.0%|1001-0.0%,1111,4.75
112.3,2.25,103.61,103.63|103.72|103.82|103.91|103.98,True,0001,0110-0.1%|1111-0.1%|1011-0.1%|1110-0.1%|0111-0.1%|0001-0.1%|0000-0.1%|0011-0.1%|0101-0.1%|1101-0.1%|1100-0.0%|1010-0.0%|0010-0.0%|0100-0.0%|1000-0.0%|1001-0.0%,0001,4.75
112.3,2.25,104.14,104.16|104.26|104.42|104.51,True,1100,1111-0.2%|0110-0.1%|1011-0.1%|1110-0.1%|0111-0.1%|0000-0.1%|1001-0.1%|0011-0.1%|0101-0.1%|1101-0.1%|1100-0.0%|1010-0.0%|0001-0.0%|0010-0.0%|0100-0.0%|1000-0.0%,1100,4.75
112.3,2.25,104.68,104.68|104.86|105.02|105.14,True,1001,1011-0.1%|1110-0.1%|1111-0.1%|1001-0.1%|1101-0.1%|0110-0.1%|0000-0.1%|0111-0.1%|0011-0.1%|0101-0.1%|1010-0.1%|0001-0.0%|0010-0.0%|0100-0.0%|1000-0.0%|1100-0.0%,1001,4.75
112.3,2.25,105.21,105.21|105.33|105.40|105.58|105.65,True,1101,1011-0.2%|1110-0.1%|1111-0.1%|1101-0.1%|0110-0.1%|0000-0.1%|0111-0.1%|0011-0.1%|0101-0.1%|1010-0.1%|1001-0.0%|0001-0.0%|0010-0.0%|0100-0.0%|1000-0.0%|1100-0.0%,1101,4.75
112.3,2.25,105.74,105.91,True,1101,1011-0.2%|1110-0.1%|1111-0.1%|0110-0.1%|0000-0.1%|0111-0.1%|0011-0.1%|0101-0.1%|1010-0.1%|0100-0.1%|1001-0.0%|0001-0.0%|1101-0.0%|0010-0.0%|1000-0.0%|1100-0.0%,1101,4.75
112.3,2.25,106.28,106.28,True,1011,1011-0.2%|1110-0.1%|1111-0.1%|0110-0.1%|0000-0.1%|0111-0.1%|0011-0.1%|0101-0.1%|0100-0.1%|1001-0.1%|1010-0.1%|1000-0.0%|0001-0.0%|0010-0.0%|1100-0.0%|1101-0.0%,1011,4.75
112.3,2.25,106.81,106.97,True,1010,1111-0.1%|1110-0.1%|0110-0.1%|0011-0.1%|0111-0.1%|0101-0.1%|1011-0.1%|0000-0.1%|0001-0.1%|1010-0.1%|0100-0.1%|0010-0.1%|1101-0.0%|1000-0.0%|1001-0.0%|1100-0.0%,1010,4.75
112.3,2.25,107.35,107.35|107.53|107.69,True,1101,1111-0.2%|1110-0.1%|0110-0.1%|1011-0.1%|0011-0.1%|0111-0.1%|0101-0.1%|0000-0.1%|0001-0.1%|0100-0.1%|0010-0.1%|1101-0.0%|1000-0.0%|1001-0.0%|1010-0.0%|1100-0.0%,1101,4.75
112.3,2.25,107.88,108.04|108.23|108.39,True,1110,1111-0.2%|1110-0.1%|0110-0.1%|1011-0.1%|0011-0.1%|0111-0.1%|0101-0.1%|0000-0.1%|0001-0.1%|0100-0.1%|0010-0.1%|1000-0.0%|1001-0.0%|1010-0.0%|1100-0.0%|1101-0.0%,1110,4.75
112.3,2.25,108.41,108.76|108.92,True,1111,1111-0.2%|0001-0.1%|0110-0.1%|1011-0.1%|0011-0.1%|0111-0.1%|0101-0.1%|0000-0.1%|0100-0.1%|0010-0.1%|1000-0.0%|1110-0.0%|1001-0.0%|1010-0.0%|1100-0.0%|1101-0.0%,1111,4.75
112.3,2.25,108.95,109.09|109.46,True,1111,1111-0.1%|1011-0.1%|0110-0.1%|0000-0.1%|0001-0.1%|1100-0.1%|0111-0.1%|0101-0.1%|0011-0.1%|1000-0.1%|1110-0.1%|0100-0.1%|0010-0.0%|1001-0.0%|1010-0.0%|1101-0.0%,1111,4.75
112.3,2.25,109.48,109.62|109.81,True,1011,1111-0.1%|1011-0.1%|0110-0.1%|0000-0.1%|0001-0.1%|1100-0.1%|1001-0.1%|0111-0.1%|0101-0.1%|0011-0.1%|1110-0.1%|1000-0.1%|0100-0.1%|1010-0.1%|0010-0.0%|1101-0.0%,1011,4.74
112.3,2.25,110.02,110.16|110.34|110.50,True,1100,1111-0.1%|1001-0.1%|0110-0.1%|0000-0.1%|0001-0.1%|0111-0.1%|1100-0.1%|0101-0.1%|0011-0.1%|1000-0.1%|0100-0.1%|1110-0.1%|1010-0.1%|0010-0.0%|1011-0.0%|1101-0.0%,1100,4.75
112.3,2.25,110.55,110.69|110.88|111.04,True,1110,1111-0.1%|1001-0.1%|0000-0.1%|0110-0.1%|0001-0.1%|0111-0.1%|0101-0.1%|0011-0.1%|1101-0.1%|1000-0.1%|0100-0.1%|1110-0.1%|1010-0.1%|1011-0.1%|0010-0.0%|1100-0.0%,1110,4.74
112.3,2.25,111.08,111.22|111.57,True,0000,1111-0.1%|1001-0.1%|1000-0.1%|0110-0.1%|1011-0.1%|0111-0.1%|0000-0.1%|0001-0.1%|1101-0.1%|0101-0.1%|0100-0.1%|0011-0.1%|1100-0.1%|0010-0.0%|1010-0.0%|1110-0.0%,0000,4.75
112.3,2.25,111.62,111.92,True,0110,1111-0.1%|1001-0.1%|1011-0.1%|1000-0.1%|1010-0.1%|0110-0.1%|0111-0.1%|0000-0.1%|1101-0.1%|0001-0.1%|0101-0.1%|0011-0.1%|0100-0.1%|1100-0.0%|0010-0.0%|1110-0.0%,0110,4.75
112.3,2.25,112.15,112.29|112.45|112.62,True,1111,1101-0.1%|1111-0.1%|1001-0.1%|1010-0.1%|1011-0.1%|1000-0.1%|0111-0.1%|0001-0.1%|0000-0.1%|0101-0.1%|0011-0.1%|0100-0.1%|0010-0.0%|0110-0.0%|1100-0.0%|1110-0.0%,1111,4.75
112.3,2.25,112.69,112.99|113.17,True,0101,1101-0.1%|1001-0.1%|1010-0.1%|1000-0.1%|0000-0.1%|1011-0.1%|0111-0.1%|0001-0.1%|1110-0.1%|1111-0.1%|0101-0.1%|0011-0.1%|0100-0.1%|0010-0.0%|0110-0.0%|1100-0.0%,0101,4.75
112.3,2.25,113.22,113.34|113.52|113.68,True,0001,1101-0.1%|1011-0.1%|1111-0.1%|0111-0.1%|1001-0.1%|0001-0.1%|0000-0.1%|1010-0.1%|1000-0.1%|0011-0.1%|0100-0.1%|1110-0.1%|0010-0.0%|0101-0.0%|0110-0.0%|1100-0.0%,0001,4.75
112.3,2.25,113.75,113.87|114.03,True,0010,1111-0.1%|1101-0.1%|1011-0.1%|0111-0.1%|1001-0.1%|0000-0.1%|1010-0.1%|1000-0.1%|0011-0.1%|0100-0.1%|1110-0.1%|0010-0.0%|0110-0.0%|0001-0.0%|0101-0.0%|1100-0.0%,0010,4.75
112.3,2.25,114.29,114.40|114.57|114.75,True,0110,1011-0.2%|1111-0.1%|1101-0.1%|0111-0.1%|0000-0.1%|1001-0.1%|0011-0.1%|1000-0.1%|1010-0.1%|0100-0.1%|1110-0.1%|0110-0.0%|0001-0.0%|0010-0.0%|0101-0.0%|1100-0.0%,0110,4.75
112.3,2.25,114.82,115.10|115.29,True,1001,1011-0.2%|1111-0.1%|1101-0.1%|0111-0.1%|0000-0.1%|1001-0.1%|1100-0.1%|0011-0.1%|1010-0.1%|1000-0.1%|1110-0.1%|0100-0.1%|0001-0.0%|0010-0.0%|0101-0.0%|0110-0.0%,1001,4.75
112.3,2.25,115.36,115.45|115.80,True,1111,1011-0.1%|1101-0.1%|0111-0.1%|1110-0.1%|0011-0.1%|0000-0.1%|1010-0.1%|0100-0.1%|1111-0.1%|1100-0.1%|0001-0.1%|1000-0.0%|0101-0.0%|0010-0.0%|0110-0.0%|1001-0.0%,1111,4.76
112.3,2.25,115.89,115.98|116.33,True,1010,1011-0.1%|1101-0.1%|0111-0.1%|1110-0.1%|0011-0.1%|0000-0.1%|0100-0.1%|1010-0.1%|1100-0.1%|0001-0.1%|1000-0.0%|0101-0.0%|1001-0.0%|0010-0.0%|0110-0.0%|1111-0.0%,1010,4.76
112.3,2.25,116.42,116.87,True,1000,1011-0.1%|1101-0.1%|0111-0.1%|1110-0.1%|0011-0.1%|0000-0.1%|0110-0.1%|0100-0.1%|1100-0.1%|0001-0.1%|1000-0.0%|0101-0.0%|1001-0.0%|0010-0.0%|1010-0.0%|1111-0.0%,1000,4.76
112.3,2.25,116.96,117.21,True,0011,1011-0.1%|1101-0.1%|0111-0.1%|1110-0.1%|0011-0.1%|0000-0.1%|0110-0.1%|0100-0.1%|1111-0.1%|1100-0.1%|0001-0.1%|0101-0.0%|0010-0.0%|1000-0.0%|1001-0.0%|1010-0.0%,0011,4.75
112.3,2.25,117.49,117.56|117.93,True,0001,1011-0.1%|1110-0.1%|1101-0.1%|1100-0.1%|0111-0.1%|1111-0.1%|0000-0.1%|1001-0.1%|0101-0.1%|1010-0.1%|0100-0.1%|0001-0.1%|0010-0.0%|1000-0.0%|0011-0.0%|0110-0.0%,0001,4.75
112.3,2.25,118.03,118.10|118.28,True,0101,1110-0.1%|1011-0.1%|1101-0.1%|0111-0.1%|1100-0.1%|1111-0.1%|0000-0.1%|1001-0.1%|0101-0.1%|0100-0.1%|1010-0.1%|0001-0.0%|0010-0.0%|1000-0.0%|0011-0.0%|0110-0.0%,0101,4.74
112.3,2.25,118.56,118.63|118.82|118.98,True,0000,1011-0.1%|1110-0.1%|1101-0.1%|0111-0.1%|1100-0.1%|0000-0.1%|1111-0.1%|1001-0.1%|0100-0.1%|1010-0.1%|0010-0.1%|0001-0.1%|0011-0.0%|1000-0.0%|0101-0.0%|0110-0.0%,0000,4.74
112.3,2.25,119.10,119.16|119.35|119.51,True,0000,1110-0.1%|1011-0.1%|1101-0.1%|0111-0.1%|1100-0.1%|0000-0.1%|1111-0.1%|0110-0.1%|1001-0.1%|0100-0.1%|1010-0.1%|0010-0.1%|0001-0.1%|1000-0.0%|0011-0.0%|0101-0.0%,0000,4.74
112.3,2.25,119.63,119.70|120.05,True,1101,1001-0.1%|1101-0.1%|1110-0.1%|1011-0.1%|1111-0.1%|1100-0.1%|0110-0.1%|0000-0.1%|0100-0.1%|0111-0.1%|0001-0.1%|0010-0.0%|1010-0.0%|1000-0.0%|0011-0.0%|0101-0.0%,1101,4.75
112.3,2.25,120.16,120.40,True,1011,1111-0.2%|1001-0.1%|1110-0.1%|1011-0.1%|1100-0.1%|0110-0.1%|0111-0.1%|0000-0.1%|0100-0.1%|1101-0.1%|0001-0.1%|0010-0.0%|1010-0.0%|1000-0.0%|0011-0.0%|0101-0.0%,1011,4.74
112.3,2.25,120.70,120.74|120.93|121.09,True,1011,1111-0.2%|1001-0.1%|1110-0.1%|1010-0.1%|1100-0.1%|0110-0.1%|1101-0.1%|0111-0.1%|0000-0.1%|0100-0.1%|0001-0.1%|0010-0.1%|1011-0.0%|1000-0.0%|0011-0.0%|0101-0.0%,1011,4.75
112.3,2.25,121.23,121.46|121.63,True,0111,1111-0.1%|1001-0.1%|1110-0.1%|1010-0.1%|1100-0.1%|0110-0.1%|1101-0.1%|1000-0.1%|0000-0.1%|0111-0.1%|0100-0.1%|0001-0.1%|0010-0.1%|0011-0.0%|0101-0.0%|1011-0.0%,0111,4.75
112.3,2.25,121.77,121.81|122.00|122.16,True,0011,1111-0.1%|0110-0.1%|0011-0.1%|0100-0.1%|0000-0.1%|1110-0.1%|0001-0.1%|0010-0.1%|1001-0.1%|1100-0.1%|0111-0.0%|0101-0.0%|1101-0.0%|1000-0.0%|1010-0.0%|1011-0.0%,0011,4.75
112.3,2.25,122.30,122.35|122.51|122.69,True,1001,1111-0.1%|0001-0.1%|0110-0.1%|0100-0.1%|0000-0.1%|1110-0.1%|1001-0.1%|0010-0.1%|0111-0.1%|1100-0.1%|1101-0.0%|0101-0.0%|1000-0.0%|0011-0.0%|1010-0.0%|1011-0.0%,1001,4.74
112.3,2.25,122.83,122.86|123.21,True,0000,1111-0.1%|0001-0.1%|0110-0.1%|0101-0.1%|0100-0.1%|0000-0.1%|1110-0.1%|0010-0.1%|0111-0.1%|1100-0.0%|0011-0.0%|1101-0.0%|1000-0.0%|1001-0.0%|1010-0.0%|1011-0.0%,0000,4.75
112.3,2.25,123.37,123.48|123.58|123.74,True,0100,1111-0.1%|0001-0.1%|0110-0.1%|0101-0.1%|0100-0.1%|0000-0.1%|1110-0.1%|0010-0.1%|0111-0.1%|1100-0.0%|0011-0.0%|1101-0.0%|1000-0.0%|1001-0.0%|1010-0.0%|1011-0.0%,0100,4.75
112.3,2.25,123.90,123.92|124.27,True,1110,1111-0.2%|1110-0.1%|0001-0.1%|1100-0.1%|0000-0.1%|1000-0.1%|1101-0.1%|0101-0.1%|0110-0.1%|1010-0.0%|1001-0.0%|0010-0.0%|0011-0.0%|0100-0.0%|0111-0.0%|1011-0.0%,1110,4.75
112.3,2.25,124.44,124.46|124.62,True,1100,1111-0.2%|1101-0.1%|0001-0.1%|1100-0.1%|0000-0.1%|1000-0.1%|0101-0.1%|0110-0.1%|1010-0.1%|1001-0.0%|1110-0.0%|0010-0.0%|0011-0.0%|0100-0.0%|0111-0.0%|1011-0.0%,1100,4.75
112.3,2.25,124.97,124.99|125.16|125.34,True,1101,1111-0.2%|1101-0.1%|0001-0.1%|0000-0.1%|1000-0.1%|0101-0.1%|0110-0.1%|1011-0.1%|1110-0.1%|1010-0.1%|1001-0.0%|0010-0.0%|0011-0.0%|0100-0.0%|1100-0.0%|0111-0.0%,1101,4.75
112.3,2.25,125.50,125.69,True,1000,1111-0.2%|1011-0.1%|0001-0.1%|0000-0.1%|1000-0.1%|0101-0.1%|0110-0.1%|1101-0.1%|1110-0.1%|1010-0.1%|1001-0.0%|0011-0.0%|0010-0.0%|0100-0.0%|1100-0.0%|0111-0.0%,1000,4.75
112.3,2.25,126.04,126.04|126.22|126.39|126.57,True,0000,1111-0.1%|1011-0.1%|0001-0.1%|0000-0.1%|0111-0.1%|0101-0.1%|1101-0.1%|1110-0.1%|0110-0.1%|1001-0.1%|1010-0.1%|1100-0.0%|0010-0.0%|0100-0.0%|1000-0.0%|0011-0.0%,0000,4.75
112.3,2.25,126.57,126.73,True,0001,1111-0.1%|1011-0.1%|0001-0.1%|0011-0.1%|0000-0.1%|0111-0.1%|0101-0.1%|1101-0.1%|1110-0.1%|0110-0.1%|1001-0.1%|1010-0.0%|1100-0.0%|0010-0.0%|0100-0.0%|1000-0.0%,0001,4.75
112.3,2.25,127.11,127.11|127.27|127.45|127.55|127.64,True,0101,1111-0.1%|1011-0.1%|1001-0.1%|0011-0.1%|0000-0.1%|0111-0.1%|0101-0.1%|1101-0.1%|1110-0.1%|0110-0.1%|1010-0.1%|1100-0.0%|0001-0.0%|0010-0.0%|0100-0.0%|1000-0.0%,0101,4.75
112.3,2.25,127.64,127.80,True,1100,1111-0.1%|1011-0.1%|1001-0.1%|0000-0.1%|0011-0.1%|0111-0.1%|1101-0.1%|1110-0.1%|0110-0.1%|0001-0.1%|1010-0.1%|1100-0.0%|0010-0.0%|0100-0.0%|1000-0.0%|0101-0.0%,1100,4.75
112.3,2.25,128.17,128.31|128.38|128.50,True,0011,1011-0.1%|0111-0.1%|1111-0.1%|1001-0.1%|0011-0.1%|1101-0.1%|0000-0.1%|0001-0.1%|0110-0.1%|0100-0.1%|0010-0.1%|1010-0.0%|0101-0.0%|1000-0.0%|1100-0.0%|1110-0.0%,0011,4.75
112.3,2.25,128.71,None,False,0000,0000-100.0%|0001-0.0%|0010-0.0%|0100-0.0%|1000-0.0%|0011-0.0%|0101-0.0%|0110-0.0%|1001-0.0%|1010-0.0%|1100-0.0%|0111-0.0%|1011-0.0%|1101-0.0%|1110-0.0%|1111-0.0%,0000,0.00
112.3,2.25,129.24,None,False,0000,0000-100.0%|0001-0.0%|0010-0.0%|0100-0.0%|1000-0.0%|0011-0.0%|0101-0.0%|0110-0.0%|1001-0.0%|1010-0.0%|1100-0.0%|0111-0.0%|1011-0.0%|1101-0.0%|1110-0.0%|1111-0.0%,0000,0.00
112.3,2.25,129.78,None,False,0000,0000-100.0%|0001-0.0%|0010-0.0%|0100-0.0%|1000-0.0%|0011-0.0%|0101-0.0%|0110-0.0%|1001-0.0%|1010-0.0%|1100-0.0%|0111-0.0%|1011-0.0%|1101-0.0%|1110-0.0%|1111-0.0%,0000,0.00
112.3,2.25,130.31,None,False,0000,0000-100.0%|0001-0.0%|0010-0.0%|0100-0.0%|1000-0.0%|0011-0.0%|0101-0.0%|0110-0.0%|1001-0.0%|1010-0.0%|1100-0.0%|0111-0.0%|1011-0.0%|1101-0.0%|1110-0.0%|1111-0.0%,0000,0.00
112.3,2.25,130.84,None,False,0000,0000-100.0%|0001-0.0%|0010-0.0%|0100-0.0%|1000-0.0%|0011-0.0%|0101-0.0%|0110-0.0%|1001-0.0%|1010-0.0%|1100-0.0%|0111-0.0%|1011-0.0%|1101-0.0%|1110-0.0%|1111-0.0%,0000,0.00
112.3,2.25,131.38,None,False,0000,0000-100.0%|0001-0.0%|0010-0.0%|0100-0.0%|1000-0.0%|0011-0.0%|0101-0.0%|0110-0.0%|1001-0.0%|1010-0.0%|1100-0.0%|0111-0.0%|1011-0.0%|1101-0.0%|1110-0.0%|1111-0.0%,0000,0.00
112.3,2.25,131.91,None,False,0000,0000-100.0%|0001-0.0%|0010-0.0%|0100-0.0%|1000-0.0%|0011-0.0%|0101-0.0%|0110-0.0%|1001-0.0%|1010-0.0%|1100-0.0%|0111-0.0%|1011-0.0%|1101-0.0%|1110-0.0%|1111-0.0%,0000,0.00
112.3,2.25,132.45,None,False,0000,0000-100.0%|0001-0.0%|0010-0.0%|0100-0.0%|1000-0.0%|0011-0.0%|0101-0.0%|0110-0.0%|1001-0.0%|1010-0.0%|1100-0.0%|0111-0.0%|1011-0.0%|1101-0.0%|1110-0.0%|1111-0.0%,0000,0.00
112.3,2.25,132.98,None,False,0000,0000-100.0%|0001-0.0%|0010-0.0%|0100-0.0%|1000-0.0%|0011-0.0%|0101-0.0%|0110-0.0%|1001-0.0%|1010-0.0%|1100-0.0%|0111-0.0%|1011-0.0%|1101-0.0%|1110-0.0%|1111-0.0%,0000,0.00
112.3,2.25,133.51,None,False,0000,0000-100.0%|0001-0.0%|0010-0.0%|0100-0.0%|1000-0.0%|0011-0.0%|0101-0.0%|0110-0.0%|1001-0.0%|1010-0.0%|1100-0.0%|0111-0.0%|1011-0.0%|1101-0.0%|1110-0.0%|1111-0.0%,0000,0.00
112.3,2.25,134.05,None,False,0000,0000-100.0%|0001-0.0%|0010-0.0%|0100-0.0%|1000-0.0%|0011-0.0%|0101-0.0%|0110-0.0%|1001-0.0%|1010-0.0%|1100-0.0%|0111-0.0%|1011-0.0%|1101-0.0%|1110-0.0%|1111-0.0%,0000,0.00
112.3,2.25,134.58,None,False,0000,0000-100.0%|0001-0.0%|0010-0.0%|0100-0.0%|1000-0.0%|0011-0.0%|0101-0.0%|0110-0.0%|1001-0.0%|1010-0.0%|1100-0.0%|0111-0.0%|1011-0.0%|1101-0.0%|1110-0.0%|1111-0.0%,0000,0.00
112.3,2.25,135.12,None,False,0000,0000-100.0%|0001-0.0%|0010-0.0%|0100-0.0%|1000-0.0%|0011-0.0%|0101-0.0%|0110-0.0%|1001-0.0%|1010-0.0%|1100-0.0%|0111-0.0%|1011-0.0%|1101-0.0%|1110-0.0%|1111-0.0%,0000,0.00
112.3,2.25,135.65,None,False,0000,0000-100.0%|0001-0.0%|0010-0.0%|0100-0.0%|1000-0.0%|0011-0.0%|0101-0.0%|0110-0.0%|1001-0.0%|1010-0.0%|1100-0.0%|0111-0.0%|1011-0.0%|1101-0.0%|1110-0.0%|1111-0.0%,0000,0.00
112.3,2.25,136.19,None,False,0000,0000-100.0%|0001-0.0%|0010-0.0%|0100-0.0%|1000-0.0%|0011-0.0%|0101-0.0%|0110-0.0%|1001-0.0%|1010-0.0%|1100-0.0%|0111-0.0%|1011-0.0%|1101-0.0%|1110-0.0%|1111-0.0%,0000,0.00
