onset_index,onset_ms
0,23.22
1,139.32
2,1439.64
3,1520.91
4,1753.11
5,1822.77
6,1973.7
7,2136.24
8,2205.9
9,2298.78
10,2368.44
11,2426.49
12,2600.63
13,2670.29
14,2728.34
15,2832.83
16,2902.49
17,2972.15
18,3053.42
19,3215.96
20,3355.28
21,3436.55
22,3517.82
23,3587.48
24,3657.14
25,3819.68
26,3900.95
27,3982.22
28,4051.88
29,4133.15
30,4202.81
31,4284.08
32,4435.01
33,4585.94
34,4655.6
35,4748.48
36,4806.53
37,4876.19
38,5050.34
39,5120.0
40,6582.86
41,6884.72
42,7337.51
43,7488.44
44,7569.71
45,7627.76
46,7720.63
47,7801.9
48,7883.17
49,7952.83
50,8103.76
51,8185.03
52,8266.3
53,8347.57
54,8405.62
55,8498.5
56,8556.55
57,8719.09
58,8800.36
59,8858.41
60,8951.29
61,9032.56
62,9102.22
63,9171.88
64,9322.81
65,9415.69
66,9496.96
67,9555.01
68,9636.28
69,9775.6
70,9949.75
71,10089.07
72,11772.52
73,11935.06
74,15011.7
75,16532.61
76,16671.93
77,17461.41
78,19133.24
79,19597.64
80,19887.89
81,20212.97
82,20503.22
83,20654.15
84,20805.08
85,20979.23
86,21106.94
87,21269.48
88,21420.41
89,21594.56
90,21733.88
91,22198.28
92,22325.99
93,22488.53
94,22639.46
95,22790.39
96,22964.54
97,23115.46
98,23266.39
99,23428.93
100,23579.86
101,23881.72
102,23951.38
103,24183.58
104,24787.3
105,25100.77
106,25240.09
107,25402.63
108,25716.1
109,25867.03
110,26029.57
111,26168.89
112,26331.43
113,26482.36
114,26610.07
115,27097.69
116,27248.62
117,27399.55
118,27550.48
119,27852.34
120,28026.49
121,28154.2
122,28316.73
123,28467.66
124,28630.2
125,28781.13
126,28920.45
127,29048.16
128,29384.85
129,31683.63
130,32148.03
131,33367.07
132,33796.64
133,35816.78
134,38266.49
135,40716.19
136,41912.02
137,43165.9
138,43618.68
139,44373.33
140,45615.6
141,46811.43
142,49272.74
143,50213.15
144,50364.08
145,50468.57
146,50805.26
147,51408.98
148,51722.45
149,53278.19
150,53881.9
151,54172.15
152,54926.8
153,55100.95
154,55704.67
155,55843.99
156,56320.0
157,56621.86
158,58293.7
159,58769.71
160,59083.17
161,59361.81
162,59535.96
163,59686.89
164,59826.21
165,60000.36
166,60139.68
167,60302.22
168,60604.08
169,60766.62
170,60917.55
171,61068.48
172,61219.41
173,61532.88
174,61811.52
175,61962.45
176,62148.21
177,62299.14
178,62438.46
179,62601.0
180,62751.93
181,62914.47
182,63053.79
183,63193.11
184,63344.04
185,63506.58
186,63669.12
187,63970.98
188,64272.83
189,64446.98
190,64586.3
191,64748.84
192,65201.63
193,65364.17
194,65515.1
195,65654.42
196,65805.35
197,65875.01
198,66130.43
199,66420.68
200,67384.31
201,67616.51
202,68162.18
203,68568.53
204,68870.39
205,69021.32
206,69160.63
207,69497.32
208,69613.42
209,69799.18
210,69903.67
211,70101.04
212,70716.37
213,70867.3
214,71006.62
215,71169.16
216,71320.09
217,71482.63
218,71621.95
219,71761.27
220,72248.89
221,72399.82
222,72550.75
223,72713.29
224,72864.22
225,72991.93
226,73142.86
227,73293.79
228,73618.87
229,73746.58
230,74083.27
231,74245.8
232,74385.12
233,74686.98
234,74849.52
235,74988.84
236,75116.55
237,75302.31
238,75464.85
239,75615.78
240,75766.71
241,76056.96
242,76231.11
243,76695.51
244,76834.83
245,77125.08
246,77450.16
247,77612.7
248,77879.73
249,78030.66
250,78181.59
251,78657.6
252,78831.75
253,78971.07
254,79412.24
255,79586.39
256,79748.93
257,79888.25
258,80050.79
259,80480.36
260,80666.12
261,80979.59
262,81118.91
263,81420.77
264,81548.48
265,81885.17
266,82047.71
267,82337.96
268,82512.11
269,82651.43
270,82953.29
271,83104.22
272,83429.3
273,83580.23
274,83870.48
275,84033.02
276,84183.95
277,84497.41
278,84636.73
279,84799.27
280,84926.98
281,85101.13
282,85263.67
283,85402.99
284,85565.53
285,85855.78
286,86018.32
287,86482.72
288,86633.65
289,86784.58
290,86935.51
291,87248.98
292,87388.3
293,87550.84
294,87829.48
295,88131.34
296,88456.42
297,88781.5
298,89083.36
299,89199.46
300,89385.22
301,89698.68
302,89838.0
303,90314.01
304,90755.19
305,90906.12
306,91219.59
307,91358.91
308,91683.99
309,91823.31
310,92148.39
311,92299.32
312,92450.25
313,92728.89
314,92914.65
315,93204.9
316,93355.83
317,93680.91
318,93808.62
319,94273.02
320,94447.17
321,94574.88
322,94714.2
323,94899.95
324,95039.27
325,95213.42
326,95364.35
327,95666.21
328,95817.14
329,96420.86
330,96583.4
331,96722.72
332,97047.8
333,97198.73
334,97349.66
335,97488.98
336,97628.3
337,97941.77
338,98278.46
339,100403.08
340,100704.94
341,102388.39
342,102841.18
343,103166.26
344,104849.71
345,105302.49
346,105592.74
347,108681.0
348,112640.0
349,113568.8
350,117365.26
351,117527.8
352,117852.88
353,118003.81
354,118085.08
355,118166.35
356,118317.28
357,118444.99
358,118770.07
359,118932.61
360,119002.27
361,119071.93
362,119315.74
363,119385.4
364,119547.94
365,119698.87
366,119838.19
367,119977.51
368,120163.27
369,120232.93
370,120290.98
371,120465.12
372,120534.78
373,120604.44
374,120732.15
375,120917.91
376,121231.38
377,121463.58
378,121544.85
379,121753.83
380,121835.1
381,121997.64
382,122148.57
383,122311.11
384,122438.82
385,122682.63
386,122763.9
387,122903.22
388,122984.49
389,123054.15
390,123216.69
391,123356.01
392,123657.87
393,123820.41
394,123901.68
395,123982.95
396,124122.27
397,124215.15
398,124261.59
399,124424.13
400,124598.28
401,124725.99
402,124900.14
403,125062.68
404,125120.73
405,125190.39
406,125352.93
407,125434.2
408,125515.46
409,125654.78
410,125794.1
411,126107.57
412,126258.5
413,126362.99
414,126432.65
415,126560.36
416,126664.85
417,126746.12
418,126873.83
419,127047.98
420,127187.3
421,127326.62
422,127500.77
423,127640.09
424,127860.68
425,127953.56
426,128104.49
427,128185.76
428,128267.03
429,128406.35
430,128568.89
431,128708.21
432,128870.75
433,129033.29
434,129102.95
435,129172.61
436,129323.54
437,129486.08
438,129637.01
439,129787.94
440,129950.48
441,130078.19
442,130322.0
443,130414.88
444,130542.59
445,130716.73
446,130867.66
447,131030.2
448,131181.13
449,131239.18
450,131320.45
451,131482.99
452,131552.65
453,131633.92
454,131761.63
455,131947.39
456,132005.44
457,132086.71
458,132237.64
459,132551.11
460,132992.29
461,133154.83
462,134072.02
463,134222.95
464,134687.35
465,135000.82
466,135291.07
467,135465.22
468,135616.15
469,135767.07
470,135906.39
471,136068.93
472,136219.86
473,136370.79
474,136498.5
475,136661.04
476,136835.19
477,137113.83
478,137427.3
479,137752.38
480,137880.09
481,138065.85
482,138379.32
483,138518.64
484,138646.35
485,138808.89
486,138971.43
487,139133.97
488,139284.9
489,139435.83
490,139598.37
491,139737.69
492,139888.62
493,140051.16
494,140190.48
495,140329.8
496,140585.22
497,140805.8
498,140968.34
499,141038.0
500,141119.27
501,141281.81
502,141432.74
503,141583.67
504,141711.38
505,142175.78
506,142326.71
507,142500.86
508,142651.79
509,142779.5
510,142953.65
511,143267.12
512,143418.05
513,143580.59
514,143731.52
515,143870.84
516,144021.77
517,144161.09
518,144648.71
519,144776.42
520,144950.57
521,145101.5
522,145264.04
523,145403.36
524,145554.29
525,145716.83
526,145867.76
527,146018.68
528,146181.22
529,146320.54
530,146459.86
531,146599.18
532,147226.12
533,147551.2
534,147678.91
535,147853.06
536,148154.92
537,148317.46
538,148433.56
539,148596.1
540,148770.25
541,148851.52
542,149083.72
543,149234.65
544,149373.97
545,149548.12
546,149687.44
547,149849.98
548,150000.91
549,150128.62
550,150314.38
551,150616.24
552,150767.17
553,150918.1
554,151080.63
555,151219.95
556,151382.49
557,151510.2
558,151997.82
559,152148.75
560,152288.07
561,152450.61
562,152566.71
563,152740.86
564,153054.33
565,153216.87
566,153367.8
567,153518.73
568,153681.27
569,153820.59
570,153948.3
571,154041.18
572,154192.11
573,154447.53
574,154586.85
575,154749.39
576,154900.32
577,155051.25
578,155202.18
579,155353.11
580,155515.65
581,155666.58
582,155805.9
583,155956.83
584,156119.37
585,156258.68
586,156409.61
587,156711.47
588,157036.55
589,157338.41
590,157477.73
591,157651.88
592,157965.35
593,158104.67
594,158243.99
595,158406.53
596,158545.85
597,158870.93
598,159033.47
599,159323.72
600,159486.26
601,159648.8
602,159776.51
603,160089.98
604,160403.45
605,160565.99
606,160705.31
607,161018.78
608,161146.49
609,161924.35
610,162226.21
611,162551.29
612,162690.61
613,163004.08
614,163166.62
615,163305.94
616,163747.12
617,163921.27
618,164234.74
619,164385.67
620,164687.53
621,164826.85
622,165001.0
623,165151.93
624,165302.86
625,165616.33
626,165778.87
627,165894.97
628,166080.73
629,166196.83
630,166382.59
631,166429.02
632,166684.44
633,166846.98
634,167125.62
635,167299.77
636,167450.7
637,167764.17
638,168042.81
639,168182.13
640,168356.28
641,168518.82
642,168681.36
643,168820.68
644,169122.54
645,169285.08
646,169424.4
647,169575.33
648,169749.48
649,169900.41
650,170051.34
651,170202.27
652,170353.2
653,170504.13
654,170666.67
655,170817.6
656,170945.31
657,171096.24
658,171398.1
659,171560.63
660,171711.56
661,172036.64
662,172350.11
663,172466.21
664,172651.97
665,172791.29
666,172942.22
667,173244.08
668,173534.33
669,173720.09
670,174021.95
671,174172.88
672,174347.03
673,174486.35
674,174625.67
675,174788.21
676,174950.75
677,175101.68
678,175252.61
679,175403.54
680,175554.47
681,175705.4
682,175856.33
683,175984.04
684,176169.8
685,176471.66
686,176634.2
687,176924.44
688,177098.59
689,177249.52
690,177551.38
691,177713.92
692,177853.24
693,177980.95
694,178166.71
695,178306.03
696,178468.57
697,178631.11
698,178921.36
699,179060.68
700,179699.23
701,179850.16
702,179989.48
703,180152.02
704,180302.95
705,180453.88
706,180593.2
707,180755.74
708,180895.06
709,181231.75
710,181533.61
711,181835.46
712,182148.93
713,182288.25
714,182439.18
715,182590.11
716,182741.04
717,183333.15
718,183518.91
719,183820.77
720,183971.7
721,184134.24
722,184285.17
723,184412.88
724,184598.64
725,184888.89
726,185051.43
727,185190.75
728,185364.9
729,185515.83
730,185666.76
731,185806.08
732,185957.01
733,186270.48
734,186433.02
735,186723.27
736,186874.2
737,187338.59
738,187501.13
739,187652.06
740,187779.77
741,187965.53
742,188116.46
743,188244.17
744,188418.32
745,188720.18
746,188871.11
747,189498.05
748,189799.91
749,189950.84
750,190090.16
751,190264.31
752,190403.63
753,190554.56
754,190682.27
755,191309.21
756,191773.61
757,191947.76
758,192249.61
759,192388.93
760,192516.64
761,192667.57
762,192841.72
763,193166.8
764,193317.73
765,193770.52
766,194072.38
767,194200.09
768,194699.32
769,194850.25
770,194989.57
771,195163.72
772,195303.04
773,195465.58
774,195581.68
775,196231.84
776,196522.09
777,196649.8
778,196835.56
779,197149.02
780,197288.34
781,197439.27
782,197601.81
783,197764.35
784,197903.67
785,198042.99
786,198530.61
787,198658.32
788,198971.79
789,199134.33
790,199285.26
791,199598.73
792,199900.59
793,200063.13
794,200214.06
795,200353.38
796,200492.7
797,201096.42
798,201433.11
799,201560.82
800,201734.97
801,202048.44
802,202187.76
803,202327.07
804,202478.0
805,202652.15
806,202954.01
807,203104.94
808,203418.41
809,203580.95
810,203882.81
811,203998.91
812,204184.67
813,204498.14
814,204788.39
815,204962.54
816,205101.86
817,205252.79
818,205380.5
819,205868.12
820,206030.66
821,206332.52
822,206448.62
823,206634.38
824,206924.63
825,207087.17
826,207238.1
827,207400.63
828,207551.56
829,207841.81
830,208306.21
831,209420.77
832,210291.52
833,210604.99
834,212590.29
835,213333.33
836,214134.42
837,214296.96
838,215016.78
839,215794.65
840,217048.53
841,217501.32
842,218255.96
843,219486.62
844,220090.34
845,220392.2
846,221448.71
847,221947.94
848,222389.12
849,224386.03
850,225616.69
851,226835.74
852,227300.14
853,228507.57
854,229273.83
855,230028.48
856,230492.88
857,231119.82
